STRUCTURE,STRUCTURE_ID,ACTION,FREQ,CLIMATE_CHANGE_INDICATORS,GEO_PICT,TIME_PERIOD,OBS_VALUE,OBS_STATUS,UNIT_MEASURE,ERROR_TYPE,ERROR_VAL,REPORTING_TYPE,OBS_COMMENT
DATAFLOW,SPC:DF_CLIMATE_CHANGE(1.0),I,A,RAIN_ANOM,TK,1979,-14.2,,MM,SE,0.7,N,
DATAFLOW,SPC:DF_CLIMATE_CHANGE(1.0),I,A,RAIN_ANOM,TK,1980,-8.3,,MM,SE,0.8,N,
DATAFLOW,SPC:DF_CLIMATE_CHANGE(1.0),I,A,RAIN_ANOM,TK,1981,6.1,,MM,SE,1.3,N,
DATAFLOW,SPC:DF_CLIMATE_CHANGE(1.0),I,A,RAIN_ANOM,TK,1982,-5.5,,MM,SE,1.1,N,
DATAFLOW,SPC:DF_CLIMATE_CHANGE(1.0),I,A,RAIN_ANOM,TK,1983,14.7,,MM,SE,1.5,N,
DATAFLOW,SPC:DF_CLIMATE_CHANGE(1.0),I,A,RAIN_ANOM,TK,1984,0.6,,MM,SE,0.9,N,
DATAFLOW,SPC:DF_CLIMATE_CHANGE(1.0),I,A,RAIN_ANOM,TK,1985,-6.8,,MM,SE,1,N,
DATAFLOW,SPC:DF_CLIMATE_CHANGE(1.0),I,A,RAIN_ANOM,TK,1986,1.7,,MM,SE,1.2,N,
DATAFLOW,SPC:DF_CLIMATE_CHANGE(1.0),I,A,RAIN_ANOM,TK,1987,35.4,,MM,SE,0.7,N,
DATAFLOW,SPC:DF_CLIMATE_CHANGE(1.0),I,A,RAIN_ANOM,TK,1988,-6.3,,MM,SE,0.8,N,
DATAFLOW,SPC:DF_CLIMATE_CHANGE(1.0),I,A,RAIN_ANOM,TK,1989,-9.9,,MM,SE,0.8,N,
DATAFLOW,SPC:DF_CLIMATE_CHANGE(1.0),I,A,RAIN_ANOM,TK,1990,0.7,,MM,SE,1.6,N,
DATAFLOW,SPC:DF_CLIMATE_CHANGE(1.0),I,A,RAIN_ANOM,TK,1991,-13.9,,MM,SE,0.7,N,
DATAFLOW,SPC:DF_CLIMATE_CHANGE(1.0),I,A,RAIN_ANOM,TK,1992,8.1,,MM,SE,0.9,N,
DATAFLOW,SPC:DF_CLIMATE_CHANGE(1.0),I,A,RAIN_ANOM,TK,1993,10.5,,MM,SE,0.9,N,
DATAFLOW,SPC:DF_CLIMATE_CHANGE(1.0),I,A,RAIN_ANOM,TK,1994,8.5,,MM,SE,0.8,N,
DATAFLOW,SPC:DF_CLIMATE_CHANGE(1.0),I,A,RAIN_ANOM,TK,1995,12.4,,MM,SE,1.2,N,
DATAFLOW,SPC:DF_CLIMATE_CHANGE(1.0),I,A,RAIN_ANOM,TK,1996,-19.6,,MM,SE,0.7,N,
DATAFLOW,SPC:DF_CLIMATE_CHANGE(1.0),I,A,RAIN_ANOM,TK,1997,21,,MM,SE,1.3,N,
DATAFLOW,SPC:DF_CLIMATE_CHANGE(1.0),I,A,RAIN_ANOM,TK,1998,19.1,,MM,SE,1.2,N,
DATAFLOW,SPC:DF_CLIMATE_CHANGE(1.0),I,A,RAIN_ANOM,TK,1999,-31.9,,MM,SE,0.6,N,
DATAFLOW,SPC:DF_CLIMATE_CHANGE(1.0),I,A,RAIN_ANOM,TK,2000,-32.1,,MM,SE,0.6,N,
DATAFLOW,SPC:DF_CLIMATE_CHANGE(1.0),I,A,RAIN_ANOM,TK,2001,9.1,,MM,SE,1.1,N,
DATAFLOW,SPC:DF_CLIMATE_CHANGE(1.0),I,A,RAIN_ANOM,TK,2002,-3.1,,MM,SE,0.9,N,
DATAFLOW,SPC:DF_CLIMATE_CHANGE(1.0),I,A,RAIN_ANOM,TK,2003,16.3,,MM,SE,1,N,
DATAFLOW,SPC:DF_CLIMATE_CHANGE(1.0),I,A,RAIN_ANOM,TK,2004,9.6,,MM,SE,1.1,N,
DATAFLOW,SPC:DF_CLIMATE_CHANGE(1.0),I,A,RAIN_ANOM,TK,2005,5,,MM,SE,1.7,N,
DATAFLOW,SPC:DF_CLIMATE_CHANGE(1.0),I,A,RAIN_ANOM,TK,2006,-4.7,,MM,SE,0.9,N,
DATAFLOW,SPC:DF_CLIMATE_CHANGE(1.0),I,A,RAIN_ANOM,TK,2007,19.3,,MM,SE,1.6,N,
DATAFLOW,SPC:DF_CLIMATE_CHANGE(1.0),I,A,RAIN_ANOM,TK,2008,-31.2,,MM,SE,0.7,N,
DATAFLOW,SPC:DF_CLIMATE_CHANGE(1.0),I,A,RAIN_ANOM,TK,2009,-24.9,,MM,SE,0.5,N,
DATAFLOW,SPC:DF_CLIMATE_CHANGE(1.0),I,A,RAIN_ANOM,TK,2010,-3.8,,MM,SE,1.8,N,
DATAFLOW,SPC:DF_CLIMATE_CHANGE(1.0),I,A,RAIN_ANOM,TK,2011,-38.3,,MM,SE,1,N,
DATAFLOW,SPC:DF_CLIMATE_CHANGE(1.0),I,A,RAIN_ANOM,TK,2012,-4.8,,MM,SE,0.8,N,
DATAFLOW,SPC:DF_CLIMATE_CHANGE(1.0),I,A,RAIN_ANOM,TK,2013,20.1,,MM,SE,1.4,N,
DATAFLOW,SPC:DF_CLIMATE_CHANGE(1.0),I,A,RAIN_ANOM,TK,2014,9.2,,MM,SE,1.4,N,
DATAFLOW,SPC:DF_CLIMATE_CHANGE(1.0),I,A,RAIN_ANOM,TK,2015,22.4,,MM,SE,1.2,N,
DATAFLOW,SPC:DF_CLIMATE_CHANGE(1.0),I,A,RAIN_ANOM,TK,2016,10,,MM,SE,1.2,N,
DATAFLOW,SPC:DF_CLIMATE_CHANGE(1.0),I,A,RAIN_ANOM,TK,2017,-5.9,,MM,SE,0.8,N,
DATAFLOW,SPC:DF_CLIMATE_CHANGE(1.0),I,A,RAIN_ANOM,TK,2018,-16.7,,MM,SE,1.1,N,
DATAFLOW,SPC:DF_CLIMATE_CHANGE(1.0),I,A,RAIN_ANOM,TK,2019,18.3,,MM,SE,1.1,N,
DATAFLOW,SPC:DF_CLIMATE_CHANGE(1.0),I,A,RAIN_ANOM,TK,2020,12.2,,MM,SE,1.6,N,
DATAFLOW,SPC:DF_CLIMATE_CHANGE(1.0),I,A,RAIN_ANOM,TK,2021,-38.8,,MM,SE,0.6,N,
DATAFLOW,SPC:DF_CLIMATE_CHANGE(1.0),I,A,RAIN_ANOM,TK,2022,-30.8,,MM,SE,1.1,N,
DATAFLOW,SPC:DF_CLIMATE_CHANGE(1.0),I,A,RAIN_ANOM,TK,2023,-9.6,,MM,SE,1.1,N,
DATAFLOW,SPC:DF_CLIMATE_CHANGE(1.0),I,A,RAIN_ANOM,TK,2024,11,,MM,SE,1.3,N,
DATAFLOW,SPC:DF_CLIMATE_CHANGE(1.0),I,A,RAIN_ANOM,TK,2025,-5.6,,MM,SE,0.7,N,
DATAFLOW,SPC:DF_CLIMATE_CHANGE(1.0),I,A,RAIN_ANOM,MH,1979,-2.2,,MM,SE,0.5,N,
DATAFLOW,SPC:DF_CLIMATE_CHANGE(1.0),I,A,RAIN_ANOM,MH,1980,-1.7,,MM,SE,0.5,N,
DATAFLOW,SPC:DF_CLIMATE_CHANGE(1.0),I,A,RAIN_ANOM,MH,1981,-5.5,,MM,SE,0.4,N,
DATAFLOW,SPC:DF_CLIMATE_CHANGE(1.0),I,A,RAIN_ANOM,MH,1982,3,,MM,SE,0.6,N,
DATAFLOW,SPC:DF_CLIMATE_CHANGE(1.0),I,A,RAIN_ANOM,MH,1983,-24.6,,MM,SE,0.7,N,
DATAFLOW,SPC:DF_CLIMATE_CHANGE(1.0),I,A,RAIN_ANOM,MH,1984,-25.9,,MM,SE,0.7,N,
DATAFLOW,SPC:DF_CLIMATE_CHANGE(1.0),I,A,RAIN_ANOM,MH,1985,-5.2,,MM,SE,0.4,N,
DATAFLOW,SPC:DF_CLIMATE_CHANGE(1.0),I,A,RAIN_ANOM,MH,1986,10.9,,MM,SE,0.7,N,
DATAFLOW,SPC:DF_CLIMATE_CHANGE(1.0),I,A,RAIN_ANOM,MH,1987,2.7,,MM,SE,0.6,N,
DATAFLOW,SPC:DF_CLIMATE_CHANGE(1.0),I,A,RAIN_ANOM,MH,1988,-15.7,,MM,SE,0.5,N,
DATAFLOW,SPC:DF_CLIMATE_CHANGE(1.0),I,A,RAIN_ANOM,MH,1989,3.4,,MM,SE,0.6,N,
DATAFLOW,SPC:DF_CLIMATE_CHANGE(1.0),I,A,RAIN_ANOM,MH,1990,9.1,,MM,SE,0.4,N,
DATAFLOW,SPC:DF_CLIMATE_CHANGE(1.0),I,A,RAIN_ANOM,MH,1991,12.1,,MM,SE,0.8,N,
DATAFLOW,SPC:DF_CLIMATE_CHANGE(1.0),I,A,RAIN_ANOM,MH,1992,-11,,MM,SE,0.9,N,
DATAFLOW,SPC:DF_CLIMATE_CHANGE(1.0),I,A,RAIN_ANOM,MH,1993,5.6,,MM,SE,0.5,N,
DATAFLOW,SPC:DF_CLIMATE_CHANGE(1.0),I,A,RAIN_ANOM,MH,1994,0.3,,MM,SE,0.5,N,
DATAFLOW,SPC:DF_CLIMATE_CHANGE(1.0),I,A,RAIN_ANOM,MH,1995,3.7,,MM,SE,0.7,N,
DATAFLOW,SPC:DF_CLIMATE_CHANGE(1.0),I,A,RAIN_ANOM,MH,1996,3.2,,MM,SE,0.4,N,
DATAFLOW,SPC:DF_CLIMATE_CHANGE(1.0),I,A,RAIN_ANOM,MH,1997,20.7,,MM,SE,0.9,N,
DATAFLOW,SPC:DF_CLIMATE_CHANGE(1.0),I,A,RAIN_ANOM,MH,1998,-20.2,,MM,SE,0.8,N,
DATAFLOW,SPC:DF_CLIMATE_CHANGE(1.0),I,A,RAIN_ANOM,MH,1999,-10.9,,MM,SE,0.6,N,
DATAFLOW,SPC:DF_CLIMATE_CHANGE(1.0),I,A,RAIN_ANOM,MH,2000,-1.7,,MM,SE,0.5,N,
DATAFLOW,SPC:DF_CLIMATE_CHANGE(1.0),I,A,RAIN_ANOM,MH,2001,-7.3,,MM,SE,0.5,N,
DATAFLOW,SPC:DF_CLIMATE_CHANGE(1.0),I,A,RAIN_ANOM,MH,2002,13.5,,MM,SE,0.6,N,
DATAFLOW,SPC:DF_CLIMATE_CHANGE(1.0),I,A,RAIN_ANOM,MH,2003,3.7,,MM,SE,0.6,N,
DATAFLOW,SPC:DF_CLIMATE_CHANGE(1.0),I,A,RAIN_ANOM,MH,2004,9.1,,MM,SE,0.6,N,
DATAFLOW,SPC:DF_CLIMATE_CHANGE(1.0),I,A,RAIN_ANOM,MH,2005,-6.5,,MM,SE,0.4,N,
DATAFLOW,SPC:DF_CLIMATE_CHANGE(1.0),I,A,RAIN_ANOM,MH,2006,-1.7,,MM,SE,0.5,N,
DATAFLOW,SPC:DF_CLIMATE_CHANGE(1.0),I,A,RAIN_ANOM,MH,2007,-8,,MM,SE,0.5,N,
DATAFLOW,SPC:DF_CLIMATE_CHANGE(1.0),I,A,RAIN_ANOM,MH,2008,-16.4,,MM,SE,0.3,N,
DATAFLOW,SPC:DF_CLIMATE_CHANGE(1.0),I,A,RAIN_ANOM,MH,2009,-6.4,,MM,SE,0.6,N,
DATAFLOW,SPC:DF_CLIMATE_CHANGE(1.0),I,A,RAIN_ANOM,MH,2010,-6.4,,MM,SE,0.6,N,
DATAFLOW,SPC:DF_CLIMATE_CHANGE(1.0),I,A,RAIN_ANOM,MH,2011,2.8,,MM,SE,0.5,N,
DATAFLOW,SPC:DF_CLIMATE_CHANGE(1.0),I,A,RAIN_ANOM,MH,2012,-15.3,,MM,SE,0.4,N,
DATAFLOW,SPC:DF_CLIMATE_CHANGE(1.0),I,A,RAIN_ANOM,MH,2013,-5.2,,MM,SE,0.5,N,
DATAFLOW,SPC:DF_CLIMATE_CHANGE(1.0),I,A,RAIN_ANOM,MH,2014,2.2,,MM,SE,0.5,N,
DATAFLOW,SPC:DF_CLIMATE_CHANGE(1.0),I,A,RAIN_ANOM,MH,2015,17.9,,MM,SE,0.8,N,
DATAFLOW,SPC:DF_CLIMATE_CHANGE(1.0),I,A,RAIN_ANOM,MH,2016,-6.5,,MM,SE,0.8,N,
DATAFLOW,SPC:DF_CLIMATE_CHANGE(1.0),I,A,RAIN_ANOM,MH,2017,-3.2,,MM,SE,0.5,N,
DATAFLOW,SPC:DF_CLIMATE_CHANGE(1.0),I,A,RAIN_ANOM,MH,2018,17.2,,MM,SE,0.5,N,
DATAFLOW,SPC:DF_CLIMATE_CHANGE(1.0),I,A,RAIN_ANOM,MH,2019,7,,MM,SE,0.4,N,
DATAFLOW,SPC:DF_CLIMATE_CHANGE(1.0),I,A,RAIN_ANOM,MH,2020,8,,MM,SE,0.5,N,
DATAFLOW,SPC:DF_CLIMATE_CHANGE(1.0),I,A,RAIN_ANOM,MH,2021,-2.1,,MM,SE,0.6,N,
DATAFLOW,SPC:DF_CLIMATE_CHANGE(1.0),I,A,RAIN_ANOM,MH,2022,8.1,,MM,SE,0.7,N,
DATAFLOW,SPC:DF_CLIMATE_CHANGE(1.0),I,A,RAIN_ANOM,MH,2023,8.9,,MM,SE,0.4,N,
DATAFLOW,SPC:DF_CLIMATE_CHANGE(1.0),I,A,RAIN_ANOM,MH,2024,3,,MM,SE,0.6,N,
DATAFLOW,SPC:DF_CLIMATE_CHANGE(1.0),I,A,RAIN_ANOM,MH,2025,-4.3,,MM,SE,0.7,N,
DATAFLOW,SPC:DF_CLIMATE_CHANGE(1.0),I,A,RAIN_ANOM,WF,1979,-19.2,,MM,SE,0.5,N,
DATAFLOW,SPC:DF_CLIMATE_CHANGE(1.0),I,A,RAIN_ANOM,WF,1980,-12.8,,MM,SE,0.6,N,
DATAFLOW,SPC:DF_CLIMATE_CHANGE(1.0),I,A,RAIN_ANOM,WF,1981,-9.4,,MM,SE,0.8,N,
DATAFLOW,SPC:DF_CLIMATE_CHANGE(1.0),I,A,RAIN_ANOM,WF,1982,-1.8,,MM,SE,1.1,N,
DATAFLOW,SPC:DF_CLIMATE_CHANGE(1.0),I,A,RAIN_ANOM,WF,1983,-24.8,,MM,SE,0.7,N,
DATAFLOW,SPC:DF_CLIMATE_CHANGE(1.0),I,A,RAIN_ANOM,WF,1984,-5.2,,MM,SE,0.8,N,
DATAFLOW,SPC:DF_CLIMATE_CHANGE(1.0),I,A,RAIN_ANOM,WF,1985,-7.3,,MM,SE,0.9,N,
DATAFLOW,SPC:DF_CLIMATE_CHANGE(1.0),I,A,RAIN_ANOM,WF,1986,-5.7,,MM,SE,1.1,N,
DATAFLOW,SPC:DF_CLIMATE_CHANGE(1.0),I,A,RAIN_ANOM,WF,1987,-22.4,,MM,SE,1.1,N,
DATAFLOW,SPC:DF_CLIMATE_CHANGE(1.0),I,A,RAIN_ANOM,WF,1988,8.8,,MM,SE,1.4,N,
DATAFLOW,SPC:DF_CLIMATE_CHANGE(1.0),I,A,RAIN_ANOM,WF,1989,-16.9,,MM,SE,1.3,N,
DATAFLOW,SPC:DF_CLIMATE_CHANGE(1.0),I,A,RAIN_ANOM,WF,1990,0.8,,MM,SE,1.2,N,
DATAFLOW,SPC:DF_CLIMATE_CHANGE(1.0),I,A,RAIN_ANOM,WF,1991,-5.9,,MM,SE,0.9,N,
DATAFLOW,SPC:DF_CLIMATE_CHANGE(1.0),I,A,RAIN_ANOM,WF,1992,-5.8,,MM,SE,0.7,N,
DATAFLOW,SPC:DF_CLIMATE_CHANGE(1.0),I,A,RAIN_ANOM,WF,1993,2.6,,MM,SE,0.9,N,
DATAFLOW,SPC:DF_CLIMATE_CHANGE(1.0),I,A,RAIN_ANOM,WF,1994,-7.6,,MM,SE,0.9,N,
DATAFLOW,SPC:DF_CLIMATE_CHANGE(1.0),I,A,RAIN_ANOM,WF,1995,2.3,,MM,SE,0.7,N,
DATAFLOW,SPC:DF_CLIMATE_CHANGE(1.0),I,A,RAIN_ANOM,WF,1996,-10,,MM,SE,1,N,
DATAFLOW,SPC:DF_CLIMATE_CHANGE(1.0),I,A,RAIN_ANOM,WF,1997,4.7,,MM,SE,1.3,N,
DATAFLOW,SPC:DF_CLIMATE_CHANGE(1.0),I,A,RAIN_ANOM,WF,1998,-20.5,,MM,SE,1.3,N,
DATAFLOW,SPC:DF_CLIMATE_CHANGE(1.0),I,A,RAIN_ANOM,WF,1999,6.6,,MM,SE,1.3,N,
DATAFLOW,SPC:DF_CLIMATE_CHANGE(1.0),I,A,RAIN_ANOM,WF,2000,-5.5,,MM,SE,0.6,N,
DATAFLOW,SPC:DF_CLIMATE_CHANGE(1.0),I,A,RAIN_ANOM,WF,2001,-10.4,,MM,SE,0.5,N,
DATAFLOW,SPC:DF_CLIMATE_CHANGE(1.0),I,A,RAIN_ANOM,WF,2002,-5.3,,MM,SE,0.7,N,
DATAFLOW,SPC:DF_CLIMATE_CHANGE(1.0),I,A,RAIN_ANOM,WF,2003,-7.8,,MM,SE,1,N,
DATAFLOW,SPC:DF_CLIMATE_CHANGE(1.0),I,A,RAIN_ANOM,WF,2004,-0.4,,MM,SE,0.7,N,
DATAFLOW,SPC:DF_CLIMATE_CHANGE(1.0),I,A,RAIN_ANOM,WF,2005,-3.8,,MM,SE,0.8,N,
DATAFLOW,SPC:DF_CLIMATE_CHANGE(1.0),I,A,RAIN_ANOM,WF,2006,16.8,,MM,SE,1.8,N,
DATAFLOW,SPC:DF_CLIMATE_CHANGE(1.0),I,A,RAIN_ANOM,WF,2007,8.4,,MM,SE,0.8,N,
DATAFLOW,SPC:DF_CLIMATE_CHANGE(1.0),I,A,RAIN_ANOM,WF,2008,-8.7,,MM,SE,1.4,N,
DATAFLOW,SPC:DF_CLIMATE_CHANGE(1.0),I,A,RAIN_ANOM,WF,2009,2.4,,MM,SE,1.2,N,
DATAFLOW,SPC:DF_CLIMATE_CHANGE(1.0),I,A,RAIN_ANOM,WF,2010,-2.6,,MM,SE,1.2,N,
DATAFLOW,SPC:DF_CLIMATE_CHANGE(1.0),I,A,RAIN_ANOM,WF,2011,-11.6,,MM,SE,1.5,N,
DATAFLOW,SPC:DF_CLIMATE_CHANGE(1.0),I,A,RAIN_ANOM,WF,2012,-3.4,,MM,SE,1.1,N,
DATAFLOW,SPC:DF_CLIMATE_CHANGE(1.0),I,A,RAIN_ANOM,WF,2013,13.9,,MM,SE,1.1,N,
DATAFLOW,SPC:DF_CLIMATE_CHANGE(1.0),I,A,RAIN_ANOM,WF,2014,-5.1,,MM,SE,0.9,N,
DATAFLOW,SPC:DF_CLIMATE_CHANGE(1.0),I,A,RAIN_ANOM,WF,2015,-14.9,,MM,SE,0.8,N,
DATAFLOW,SPC:DF_CLIMATE_CHANGE(1.0),I,A,RAIN_ANOM,WF,2016,-5.2,,MM,SE,1.3,N,
DATAFLOW,SPC:DF_CLIMATE_CHANGE(1.0),I,A,RAIN_ANOM,WF,2017,14.8,,MM,SE,1.3,N,
DATAFLOW,SPC:DF_CLIMATE_CHANGE(1.0),I,A,RAIN_ANOM,WF,2018,8,,MM,SE,1.2,N,
DATAFLOW,SPC:DF_CLIMATE_CHANGE(1.0),I,A,RAIN_ANOM,WF,2019,37.7,,MM,SE,1.2,N,
DATAFLOW,SPC:DF_CLIMATE_CHANGE(1.0),I,A,RAIN_ANOM,WF,2020,16.1,,MM,SE,1,N,
DATAFLOW,SPC:DF_CLIMATE_CHANGE(1.0),I,A,RAIN_ANOM,WF,2021,3.3,,MM,SE,1.8,N,
DATAFLOW,SPC:DF_CLIMATE_CHANGE(1.0),I,A,RAIN_ANOM,WF,2022,-10.9,,MM,SE,1.2,N,
DATAFLOW,SPC:DF_CLIMATE_CHANGE(1.0),I,A,RAIN_ANOM,WF,2023,-3.1,,MM,SE,0.8,N,
DATAFLOW,SPC:DF_CLIMATE_CHANGE(1.0),I,A,RAIN_ANOM,WF,2024,-3.4,,MM,SE,0.8,N,
DATAFLOW,SPC:DF_CLIMATE_CHANGE(1.0),I,A,RAIN_ANOM,WF,2025,13.8,,MM,SE,1.4,N,
DATAFLOW,SPC:DF_CLIMATE_CHANGE(1.0),I,A,RAIN_ANOM,SB,1979,5.5,,MM,SE,0.8,N,
DATAFLOW,SPC:DF_CLIMATE_CHANGE(1.0),I,A,RAIN_ANOM,SB,1980,6.8,,MM,SE,0.7,N,
DATAFLOW,SPC:DF_CLIMATE_CHANGE(1.0),I,A,RAIN_ANOM,SB,1981,-6.7,,MM,SE,1,N,
DATAFLOW,SPC:DF_CLIMATE_CHANGE(1.0),I,A,RAIN_ANOM,SB,1982,7.5,,MM,SE,1,N,
DATAFLOW,SPC:DF_CLIMATE_CHANGE(1.0),I,A,RAIN_ANOM,SB,1983,-2.8,,MM,SE,0.5,N,
DATAFLOW,SPC:DF_CLIMATE_CHANGE(1.0),I,A,RAIN_ANOM,SB,1984,1.5,,MM,SE,0.7,N,
DATAFLOW,SPC:DF_CLIMATE_CHANGE(1.0),I,A,RAIN_ANOM,SB,1985,7.4,,MM,SE,0.8,N,
DATAFLOW,SPC:DF_CLIMATE_CHANGE(1.0),I,A,RAIN_ANOM,SB,1986,-0.5,,MM,SE,0.7,N,
DATAFLOW,SPC:DF_CLIMATE_CHANGE(1.0),I,A,RAIN_ANOM,SB,1987,-22,,MM,SE,1,N,
DATAFLOW,SPC:DF_CLIMATE_CHANGE(1.0),I,A,RAIN_ANOM,SB,1988,1.7,,MM,SE,0.6,N,
DATAFLOW,SPC:DF_CLIMATE_CHANGE(1.0),I,A,RAIN_ANOM,SB,1989,-11,,MM,SE,0.7,N,
DATAFLOW,SPC:DF_CLIMATE_CHANGE(1.0),I,A,RAIN_ANOM,SB,1990,-7.9,,MM,SE,0.5,N,
DATAFLOW,SPC:DF_CLIMATE_CHANGE(1.0),I,A,RAIN_ANOM,SB,1991,-3.3,,MM,SE,0.9,N,
DATAFLOW,SPC:DF_CLIMATE_CHANGE(1.0),I,A,RAIN_ANOM,SB,1992,-18.9,,MM,SE,0.7,N,
DATAFLOW,SPC:DF_CLIMATE_CHANGE(1.0),I,A,RAIN_ANOM,SB,1993,-20.4,,MM,SE,0.7,N,
DATAFLOW,SPC:DF_CLIMATE_CHANGE(1.0),I,A,RAIN_ANOM,SB,1994,-8.4,,MM,SE,0.8,N,
DATAFLOW,SPC:DF_CLIMATE_CHANGE(1.0),I,A,RAIN_ANOM,SB,1995,-12,,MM,SE,0.4,N,
DATAFLOW,SPC:DF_CLIMATE_CHANGE(1.0),I,A,RAIN_ANOM,SB,1996,5.1,,MM,SE,0.6,N,
DATAFLOW,SPC:DF_CLIMATE_CHANGE(1.0),I,A,RAIN_ANOM,SB,1997,-28,,MM,SE,0.7,N,
DATAFLOW,SPC:DF_CLIMATE_CHANGE(1.0),I,A,RAIN_ANOM,SB,1998,-2.3,,MM,SE,0.8,N,
DATAFLOW,SPC:DF_CLIMATE_CHANGE(1.0),I,A,RAIN_ANOM,SB,1999,-5.1,,MM,SE,1,N,
DATAFLOW,SPC:DF_CLIMATE_CHANGE(1.0),I,A,RAIN_ANOM,SB,2000,4.4,,MM,SE,0.6,N,
DATAFLOW,SPC:DF_CLIMATE_CHANGE(1.0),I,A,RAIN_ANOM,SB,2001,-0.7,,MM,SE,1,N,
DATAFLOW,SPC:DF_CLIMATE_CHANGE(1.0),I,A,RAIN_ANOM,SB,2002,1.4,,MM,SE,0.9,N,
DATAFLOW,SPC:DF_CLIMATE_CHANGE(1.0),I,A,RAIN_ANOM,SB,2003,-10.5,,MM,SE,0.5,N,
DATAFLOW,SPC:DF_CLIMATE_CHANGE(1.0),I,A,RAIN_ANOM,SB,2004,3.5,,MM,SE,0.6,N,
DATAFLOW,SPC:DF_CLIMATE_CHANGE(1.0),I,A,RAIN_ANOM,SB,2005,-10.3,,MM,SE,0.5,N,
DATAFLOW,SPC:DF_CLIMATE_CHANGE(1.0),I,A,RAIN_ANOM,SB,2006,8.7,,MM,SE,0.7,N,
DATAFLOW,SPC:DF_CLIMATE_CHANGE(1.0),I,A,RAIN_ANOM,SB,2007,-6.2,,MM,SE,0.5,N,
DATAFLOW,SPC:DF_CLIMATE_CHANGE(1.0),I,A,RAIN_ANOM,SB,2008,-8.4,,MM,SE,0.9,N,
DATAFLOW,SPC:DF_CLIMATE_CHANGE(1.0),I,A,RAIN_ANOM,SB,2009,8,,MM,SE,0.7,N,
DATAFLOW,SPC:DF_CLIMATE_CHANGE(1.0),I,A,RAIN_ANOM,SB,2010,-3.9,,MM,SE,0.5,N,
DATAFLOW,SPC:DF_CLIMATE_CHANGE(1.0),I,A,RAIN_ANOM,SB,2011,-4.3,,MM,SE,0.4,N,
DATAFLOW,SPC:DF_CLIMATE_CHANGE(1.0),I,A,RAIN_ANOM,SB,2012,18.1,,MM,SE,0.8,N,
DATAFLOW,SPC:DF_CLIMATE_CHANGE(1.0),I,A,RAIN_ANOM,SB,2013,7.5,,MM,SE,0.8,N,
DATAFLOW,SPC:DF_CLIMATE_CHANGE(1.0),I,A,RAIN_ANOM,SB,2014,12.2,,MM,SE,1,N,
DATAFLOW,SPC:DF_CLIMATE_CHANGE(1.0),I,A,RAIN_ANOM,SB,2015,13.2,,MM,SE,0.9,N,
DATAFLOW,SPC:DF_CLIMATE_CHANGE(1.0),I,A,RAIN_ANOM,SB,2016,-1.5,,MM,SE,0.7,N,
DATAFLOW,SPC:DF_CLIMATE_CHANGE(1.0),I,A,RAIN_ANOM,SB,2017,12,,MM,SE,0.7,N,
DATAFLOW,SPC:DF_CLIMATE_CHANGE(1.0),I,A,RAIN_ANOM,SB,2018,14.8,,MM,SE,0.6,N,
DATAFLOW,SPC:DF_CLIMATE_CHANGE(1.0),I,A,RAIN_ANOM,SB,2019,21.5,,MM,SE,0.6,N,
DATAFLOW,SPC:DF_CLIMATE_CHANGE(1.0),I,A,RAIN_ANOM,SB,2020,13.8,,MM,SE,0.5,N,
DATAFLOW,SPC:DF_CLIMATE_CHANGE(1.0),I,A,RAIN_ANOM,SB,2021,10.3,,MM,SE,0.9,N,
DATAFLOW,SPC:DF_CLIMATE_CHANGE(1.0),I,A,RAIN_ANOM,SB,2022,-3.2,,MM,SE,0.7,N,
DATAFLOW,SPC:DF_CLIMATE_CHANGE(1.0),I,A,RAIN_ANOM,SB,2023,24.4,,MM,SE,0.6,N,
DATAFLOW,SPC:DF_CLIMATE_CHANGE(1.0),I,A,RAIN_ANOM,SB,2024,18,,MM,SE,0.9,N,
DATAFLOW,SPC:DF_CLIMATE_CHANGE(1.0),I,A,RAIN_ANOM,SB,2025,6.1,,MM,SE,0.6,N,
DATAFLOW,SPC:DF_CLIMATE_CHANGE(1.0),I,A,RAIN_ANOM,MP,1979,-7.6,,MM,SE,0.7,N,
DATAFLOW,SPC:DF_CLIMATE_CHANGE(1.0),I,A,RAIN_ANOM,MP,1980,-5.9,,MM,SE,0.7,N,
DATAFLOW,SPC:DF_CLIMATE_CHANGE(1.0),I,A,RAIN_ANOM,MP,1981,-5.9,,MM,SE,0.7,N,
DATAFLOW,SPC:DF_CLIMATE_CHANGE(1.0),I,A,RAIN_ANOM,MP,1982,-6,,MM,SE,0.7,N,
DATAFLOW,SPC:DF_CLIMATE_CHANGE(1.0),I,A,RAIN_ANOM,MP,1983,-20.3,,MM,SE,0.9,N,
DATAFLOW,SPC:DF_CLIMATE_CHANGE(1.0),I,A,RAIN_ANOM,MP,1984,1.1,,MM,SE,1,N,
DATAFLOW,SPC:DF_CLIMATE_CHANGE(1.0),I,A,RAIN_ANOM,MP,1985,-2.2,,MM,SE,0.9,N,
DATAFLOW,SPC:DF_CLIMATE_CHANGE(1.0),I,A,RAIN_ANOM,MP,1986,3.4,,MM,SE,0.8,N,
DATAFLOW,SPC:DF_CLIMATE_CHANGE(1.0),I,A,RAIN_ANOM,MP,1987,-10.8,,MM,SE,0.8,N,
DATAFLOW,SPC:DF_CLIMATE_CHANGE(1.0),I,A,RAIN_ANOM,MP,1988,-16.5,,MM,SE,0.7,N,
DATAFLOW,SPC:DF_CLIMATE_CHANGE(1.0),I,A,RAIN_ANOM,MP,1989,15,,MM,SE,1.1,N,
DATAFLOW,SPC:DF_CLIMATE_CHANGE(1.0),I,A,RAIN_ANOM,MP,1990,17.7,,MM,SE,1.5,N,
DATAFLOW,SPC:DF_CLIMATE_CHANGE(1.0),I,A,RAIN_ANOM,MP,1991,17,,MM,SE,1.4,N,
DATAFLOW,SPC:DF_CLIMATE_CHANGE(1.0),I,A,RAIN_ANOM,MP,1992,-2.6,,MM,SE,1.1,N,
DATAFLOW,SPC:DF_CLIMATE_CHANGE(1.0),I,A,RAIN_ANOM,MP,1993,-18.2,,MM,SE,0.7,N,
DATAFLOW,SPC:DF_CLIMATE_CHANGE(1.0),I,A,RAIN_ANOM,MP,1994,3.6,,MM,SE,1.5,N,
DATAFLOW,SPC:DF_CLIMATE_CHANGE(1.0),I,A,RAIN_ANOM,MP,1995,-6.8,,MM,SE,0.9,N,
DATAFLOW,SPC:DF_CLIMATE_CHANGE(1.0),I,A,RAIN_ANOM,MP,1996,5.5,,MM,SE,1.1,N,
DATAFLOW,SPC:DF_CLIMATE_CHANGE(1.0),I,A,RAIN_ANOM,MP,1997,3.6,,MM,SE,1.1,N,
DATAFLOW,SPC:DF_CLIMATE_CHANGE(1.0),I,A,RAIN_ANOM,MP,1998,-27,,MM,SE,0.5,N,
DATAFLOW,SPC:DF_CLIMATE_CHANGE(1.0),I,A,RAIN_ANOM,MP,1999,-11.3,,MM,SE,0.6,N,
DATAFLOW,SPC:DF_CLIMATE_CHANGE(1.0),I,A,RAIN_ANOM,MP,2000,-13.2,,MM,SE,0.6,N,
DATAFLOW,SPC:DF_CLIMATE_CHANGE(1.0),I,A,RAIN_ANOM,MP,2001,-2.1,,MM,SE,1.1,N,
DATAFLOW,SPC:DF_CLIMATE_CHANGE(1.0),I,A,RAIN_ANOM,MP,2002,11.9,,MM,SE,1.1,N,
DATAFLOW,SPC:DF_CLIMATE_CHANGE(1.0),I,A,RAIN_ANOM,MP,2003,3.6,,MM,SE,0.8,N,
DATAFLOW,SPC:DF_CLIMATE_CHANGE(1.0),I,A,RAIN_ANOM,MP,2004,25.3,,MM,SE,1.8,N,
DATAFLOW,SPC:DF_CLIMATE_CHANGE(1.0),I,A,RAIN_ANOM,MP,2005,6.1,,MM,SE,1.2,N,
DATAFLOW,SPC:DF_CLIMATE_CHANGE(1.0),I,A,RAIN_ANOM,MP,2006,8.3,,MM,SE,1.3,N,
DATAFLOW,SPC:DF_CLIMATE_CHANGE(1.0),I,A,RAIN_ANOM,MP,2007,2.5,,MM,SE,0.9,N,
DATAFLOW,SPC:DF_CLIMATE_CHANGE(1.0),I,A,RAIN_ANOM,MP,2008,-18.6,,MM,SE,0.6,N,
DATAFLOW,SPC:DF_CLIMATE_CHANGE(1.0),I,A,RAIN_ANOM,MP,2009,6.2,,MM,SE,1.1,N,
DATAFLOW,SPC:DF_CLIMATE_CHANGE(1.0),I,A,RAIN_ANOM,MP,2010,-14.8,,MM,SE,0.7,N,
DATAFLOW,SPC:DF_CLIMATE_CHANGE(1.0),I,A,RAIN_ANOM,MP,2011,6.1,,MM,SE,1.2,N,
DATAFLOW,SPC:DF_CLIMATE_CHANGE(1.0),I,A,RAIN_ANOM,MP,2012,-3.8,,MM,SE,1,N,
DATAFLOW,SPC:DF_CLIMATE_CHANGE(1.0),I,A,RAIN_ANOM,MP,2013,-7.9,,MM,SE,1.4,N,
DATAFLOW,SPC:DF_CLIMATE_CHANGE(1.0),I,A,RAIN_ANOM,MP,2014,14.9,,MM,SE,1.2,N,
DATAFLOW,SPC:DF_CLIMATE_CHANGE(1.0),I,A,RAIN_ANOM,MP,2015,17.1,,MM,SE,1,N,
DATAFLOW,SPC:DF_CLIMATE_CHANGE(1.0),I,A,RAIN_ANOM,MP,2016,-4.2,,MM,SE,1.2,N,
DATAFLOW,SPC:DF_CLIMATE_CHANGE(1.0),I,A,RAIN_ANOM,MP,2017,-7.5,,MM,SE,0.7,N,
DATAFLOW,SPC:DF_CLIMATE_CHANGE(1.0),I,A,RAIN_ANOM,MP,2018,15.3,,MM,SE,1.3,N,
DATAFLOW,SPC:DF_CLIMATE_CHANGE(1.0),I,A,RAIN_ANOM,MP,2019,3.4,,MM,SE,1.1,N,
DATAFLOW,SPC:DF_CLIMATE_CHANGE(1.0),I,A,RAIN_ANOM,MP,2020,-12.4,,MM,SE,0.7,N,
DATAFLOW,SPC:DF_CLIMATE_CHANGE(1.0),I,A,RAIN_ANOM,MP,2021,-8.9,,MM,SE,0.8,N,
DATAFLOW,SPC:DF_CLIMATE_CHANGE(1.0),I,A,RAIN_ANOM,MP,2022,-2.5,,MM,SE,0.9,N,
DATAFLOW,SPC:DF_CLIMATE_CHANGE(1.0),I,A,RAIN_ANOM,MP,2023,14,,MM,SE,0.9,N,
DATAFLOW,SPC:DF_CLIMATE_CHANGE(1.0),I,A,RAIN_ANOM,MP,2024,0.2,,MM,SE,1.3,N,
DATAFLOW,SPC:DF_CLIMATE_CHANGE(1.0),I,A,RAIN_ANOM,MP,2025,-12.8,,MM,SE,0.8,N,
DATAFLOW,SPC:DF_CLIMATE_CHANGE(1.0),I,A,RAIN_ANOM,PN,1979,6.8,,MM,SE,0.5,N,
DATAFLOW,SPC:DF_CLIMATE_CHANGE(1.0),I,A,RAIN_ANOM,PN,1980,-2.1,,MM,SE,0.5,N,
DATAFLOW,SPC:DF_CLIMATE_CHANGE(1.0),I,A,RAIN_ANOM,PN,1981,-6.4,,MM,SE,0.2,N,
DATAFLOW,SPC:DF_CLIMATE_CHANGE(1.0),I,A,RAIN_ANOM,PN,1982,0.3,,MM,SE,0.3,N,
DATAFLOW,SPC:DF_CLIMATE_CHANGE(1.0),I,A,RAIN_ANOM,PN,1983,-6.2,,MM,SE,0.4,N,
DATAFLOW,SPC:DF_CLIMATE_CHANGE(1.0),I,A,RAIN_ANOM,PN,1984,4.1,,MM,SE,0.5,N,
DATAFLOW,SPC:DF_CLIMATE_CHANGE(1.0),I,A,RAIN_ANOM,PN,1985,3,,MM,SE,0.5,N,
DATAFLOW,SPC:DF_CLIMATE_CHANGE(1.0),I,A,RAIN_ANOM,PN,1986,-1.6,,MM,SE,0.4,N,
DATAFLOW,SPC:DF_CLIMATE_CHANGE(1.0),I,A,RAIN_ANOM,PN,1987,7.5,,MM,SE,0.3,N,
DATAFLOW,SPC:DF_CLIMATE_CHANGE(1.0),I,A,RAIN_ANOM,PN,1988,-13.4,,MM,SE,0.9,N,
DATAFLOW,SPC:DF_CLIMATE_CHANGE(1.0),I,A,RAIN_ANOM,PN,1989,-4,,MM,SE,0.6,N,
DATAFLOW,SPC:DF_CLIMATE_CHANGE(1.0),I,A,RAIN_ANOM,PN,1990,2.7,,MM,SE,0.9,N,
DATAFLOW,SPC:DF_CLIMATE_CHANGE(1.0),I,A,RAIN_ANOM,PN,1991,5.4,,MM,SE,0.5,N,
DATAFLOW,SPC:DF_CLIMATE_CHANGE(1.0),I,A,RAIN_ANOM,PN,1992,12.7,,MM,SE,0.9,N,
DATAFLOW,SPC:DF_CLIMATE_CHANGE(1.0),I,A,RAIN_ANOM,PN,1993,3.5,,MM,SE,0.6,N,
DATAFLOW,SPC:DF_CLIMATE_CHANGE(1.0),I,A,RAIN_ANOM,PN,1994,15,,MM,SE,1,N,
DATAFLOW,SPC:DF_CLIMATE_CHANGE(1.0),I,A,RAIN_ANOM,PN,1995,1.4,,MM,SE,1,N,
DATAFLOW,SPC:DF_CLIMATE_CHANGE(1.0),I,A,RAIN_ANOM,PN,1996,-7.2,,MM,SE,0.5,N,
DATAFLOW,SPC:DF_CLIMATE_CHANGE(1.0),I,A,RAIN_ANOM,PN,1997,-3,,MM,SE,0.7,N,
DATAFLOW,SPC:DF_CLIMATE_CHANGE(1.0),I,A,RAIN_ANOM,PN,1998,-3.5,,MM,SE,0.7,N,
DATAFLOW,SPC:DF_CLIMATE_CHANGE(1.0),I,A,RAIN_ANOM,PN,1999,-9.8,,MM,SE,0.5,N,
DATAFLOW,SPC:DF_CLIMATE_CHANGE(1.0),I,A,RAIN_ANOM,PN,2000,-8.5,,MM,SE,0.7,N,
DATAFLOW,SPC:DF_CLIMATE_CHANGE(1.0),I,A,RAIN_ANOM,PN,2001,3.7,,MM,SE,0.7,N,
DATAFLOW,SPC:DF_CLIMATE_CHANGE(1.0),I,A,RAIN_ANOM,PN,2002,3.6,,MM,SE,0.8,N,
DATAFLOW,SPC:DF_CLIMATE_CHANGE(1.0),I,A,RAIN_ANOM,PN,2003,7.6,,MM,SE,0.7,N,
DATAFLOW,SPC:DF_CLIMATE_CHANGE(1.0),I,A,RAIN_ANOM,PN,2004,10.6,,MM,SE,1.3,N,
DATAFLOW,SPC:DF_CLIMATE_CHANGE(1.0),I,A,RAIN_ANOM,PN,2005,11.8,,MM,SE,0.9,N,
DATAFLOW,SPC:DF_CLIMATE_CHANGE(1.0),I,A,RAIN_ANOM,PN,2006,-11.9,,MM,SE,0.7,N,
DATAFLOW,SPC:DF_CLIMATE_CHANGE(1.0),I,A,RAIN_ANOM,PN,2007,2,,MM,SE,0.6,N,
DATAFLOW,SPC:DF_CLIMATE_CHANGE(1.0),I,A,RAIN_ANOM,PN,2008,-12.5,,MM,SE,0.4,N,
DATAFLOW,SPC:DF_CLIMATE_CHANGE(1.0),I,A,RAIN_ANOM,PN,2009,-2.9,,MM,SE,0.8,N,
DATAFLOW,SPC:DF_CLIMATE_CHANGE(1.0),I,A,RAIN_ANOM,PN,2010,-9.8,,MM,SE,0.7,N,
DATAFLOW,SPC:DF_CLIMATE_CHANGE(1.0),I,A,RAIN_ANOM,PN,2011,-28.3,,MM,SE,0.4,N,
DATAFLOW,SPC:DF_CLIMATE_CHANGE(1.0),I,A,RAIN_ANOM,PN,2012,24.2,,MM,SE,0.5,N,
DATAFLOW,SPC:DF_CLIMATE_CHANGE(1.0),I,A,RAIN_ANOM,PN,2013,3,,MM,SE,0.7,N,
DATAFLOW,SPC:DF_CLIMATE_CHANGE(1.0),I,A,RAIN_ANOM,PN,2014,-5.7,,MM,SE,0.5,N,
DATAFLOW,SPC:DF_CLIMATE_CHANGE(1.0),I,A,RAIN_ANOM,PN,2015,-5.3,,MM,SE,0.5,N,
DATAFLOW,SPC:DF_CLIMATE_CHANGE(1.0),I,A,RAIN_ANOM,PN,2016,6.4,,MM,SE,0.9,N,
DATAFLOW,SPC:DF_CLIMATE_CHANGE(1.0),I,A,RAIN_ANOM,PN,2017,-3.5,,MM,SE,0.4,N,
DATAFLOW,SPC:DF_CLIMATE_CHANGE(1.0),I,A,RAIN_ANOM,PN,2018,-10.5,,MM,SE,0.5,N,
DATAFLOW,SPC:DF_CLIMATE_CHANGE(1.0),I,A,RAIN_ANOM,PN,2019,23.9,,MM,SE,0.7,N,
DATAFLOW,SPC:DF_CLIMATE_CHANGE(1.0),I,A,RAIN_ANOM,PN,2020,-12.3,,MM,SE,0.6,N,
DATAFLOW,SPC:DF_CLIMATE_CHANGE(1.0),I,A,RAIN_ANOM,PN,2021,-12.2,,MM,SE,0.5,N,
DATAFLOW,SPC:DF_CLIMATE_CHANGE(1.0),I,A,RAIN_ANOM,PN,2022,-10.9,,MM,SE,0.5,N,
DATAFLOW,SPC:DF_CLIMATE_CHANGE(1.0),I,A,RAIN_ANOM,PN,2023,0.6,,MM,SE,0.8,N,
DATAFLOW,SPC:DF_CLIMATE_CHANGE(1.0),I,A,RAIN_ANOM,PN,2024,-5.1,,MM,SE,0.5,N,
DATAFLOW,SPC:DF_CLIMATE_CHANGE(1.0),I,A,RAIN_ANOM,PN,2025,-7.6,,MM,SE,0.7,N,
DATAFLOW,SPC:DF_CLIMATE_CHANGE(1.0),I,A,RAIN_ANOM,VU,1979,2.5,,MM,SE,0.9,N,
DATAFLOW,SPC:DF_CLIMATE_CHANGE(1.0),I,A,RAIN_ANOM,VU,1980,-3.3,,MM,SE,0.7,N,
DATAFLOW,SPC:DF_CLIMATE_CHANGE(1.0),I,A,RAIN_ANOM,VU,1981,-2.8,,MM,SE,0.8,N,
DATAFLOW,SPC:DF_CLIMATE_CHANGE(1.0),I,A,RAIN_ANOM,VU,1982,-0.6,,MM,SE,0.7,N,
DATAFLOW,SPC:DF_CLIMATE_CHANGE(1.0),I,A,RAIN_ANOM,VU,1983,-21.6,,MM,SE,0.4,N,
DATAFLOW,SPC:DF_CLIMATE_CHANGE(1.0),I,A,RAIN_ANOM,VU,1984,8.3,,MM,SE,0.8,N,
DATAFLOW,SPC:DF_CLIMATE_CHANGE(1.0),I,A,RAIN_ANOM,VU,1985,12.2,,MM,SE,0.6,N,
DATAFLOW,SPC:DF_CLIMATE_CHANGE(1.0),I,A,RAIN_ANOM,VU,1986,-0.9,,MM,SE,1,N,
DATAFLOW,SPC:DF_CLIMATE_CHANGE(1.0),I,A,RAIN_ANOM,VU,1987,-15.2,,MM,SE,1,N,
DATAFLOW,SPC:DF_CLIMATE_CHANGE(1.0),I,A,RAIN_ANOM,VU,1988,29.9,,MM,SE,1.2,N,
DATAFLOW,SPC:DF_CLIMATE_CHANGE(1.0),I,A,RAIN_ANOM,VU,1989,9.2,,MM,SE,1,N,
DATAFLOW,SPC:DF_CLIMATE_CHANGE(1.0),I,A,RAIN_ANOM,VU,1990,-9.3,,MM,SE,0.8,N,
DATAFLOW,SPC:DF_CLIMATE_CHANGE(1.0),I,A,RAIN_ANOM,VU,1991,-9.9,,MM,SE,0.8,N,
DATAFLOW,SPC:DF_CLIMATE_CHANGE(1.0),I,A,RAIN_ANOM,VU,1992,-11.6,,MM,SE,0.9,N,
DATAFLOW,SPC:DF_CLIMATE_CHANGE(1.0),I,A,RAIN_ANOM,VU,1993,-24.3,,MM,SE,0.5,N,
DATAFLOW,SPC:DF_CLIMATE_CHANGE(1.0),I,A,RAIN_ANOM,VU,1994,-11.7,,MM,SE,0.9,N,
DATAFLOW,SPC:DF_CLIMATE_CHANGE(1.0),I,A,RAIN_ANOM,VU,1995,-18.3,,MM,SE,0.5,N,
DATAFLOW,SPC:DF_CLIMATE_CHANGE(1.0),I,A,RAIN_ANOM,VU,1996,4.5,,MM,SE,1.2,N,
DATAFLOW,SPC:DF_CLIMATE_CHANGE(1.0),I,A,RAIN_ANOM,VU,1997,-16.9,,MM,SE,0.7,N,
DATAFLOW,SPC:DF_CLIMATE_CHANGE(1.0),I,A,RAIN_ANOM,VU,1998,0.9,,MM,SE,1,N,
DATAFLOW,SPC:DF_CLIMATE_CHANGE(1.0),I,A,RAIN_ANOM,VU,1999,22.6,,MM,SE,1.1,N,
DATAFLOW,SPC:DF_CLIMATE_CHANGE(1.0),I,A,RAIN_ANOM,VU,2000,23.6,,MM,SE,0.9,N,
DATAFLOW,SPC:DF_CLIMATE_CHANGE(1.0),I,A,RAIN_ANOM,VU,2001,1.8,,MM,SE,0.9,N,
DATAFLOW,SPC:DF_CLIMATE_CHANGE(1.0),I,A,RAIN_ANOM,VU,2002,8.6,,MM,SE,0.8,N,
DATAFLOW,SPC:DF_CLIMATE_CHANGE(1.0),I,A,RAIN_ANOM,VU,2003,-7.6,,MM,SE,0.7,N,
DATAFLOW,SPC:DF_CLIMATE_CHANGE(1.0),I,A,RAIN_ANOM,VU,2004,-13.6,,MM,SE,0.6,N,
DATAFLOW,SPC:DF_CLIMATE_CHANGE(1.0),I,A,RAIN_ANOM,VU,2005,-3.5,,MM,SE,1,N,
DATAFLOW,SPC:DF_CLIMATE_CHANGE(1.0),I,A,RAIN_ANOM,VU,2006,-7.3,,MM,SE,0.5,N,
DATAFLOW,SPC:DF_CLIMATE_CHANGE(1.0),I,A,RAIN_ANOM,VU,2007,7.2,,MM,SE,0.6,N,
DATAFLOW,SPC:DF_CLIMATE_CHANGE(1.0),I,A,RAIN_ANOM,VU,2008,7.4,,MM,SE,0.9,N,
DATAFLOW,SPC:DF_CLIMATE_CHANGE(1.0),I,A,RAIN_ANOM,VU,2009,5.9,,MM,SE,0.8,N,
DATAFLOW,SPC:DF_CLIMATE_CHANGE(1.0),I,A,RAIN_ANOM,VU,2010,1.1,,MM,SE,1,N,
DATAFLOW,SPC:DF_CLIMATE_CHANGE(1.0),I,A,RAIN_ANOM,VU,2011,17.7,,MM,SE,1,N,
DATAFLOW,SPC:DF_CLIMATE_CHANGE(1.0),I,A,RAIN_ANOM,VU,2012,17.7,,MM,SE,1,N,
DATAFLOW,SPC:DF_CLIMATE_CHANGE(1.0),I,A,RAIN_ANOM,VU,2013,9,,MM,SE,0.9,N,
DATAFLOW,SPC:DF_CLIMATE_CHANGE(1.0),I,A,RAIN_ANOM,VU,2014,0.4,,MM,SE,1,N,
DATAFLOW,SPC:DF_CLIMATE_CHANGE(1.0),I,A,RAIN_ANOM,VU,2015,-3.4,,MM,SE,0.9,N,
DATAFLOW,SPC:DF_CLIMATE_CHANGE(1.0),I,A,RAIN_ANOM,VU,2016,-13.3,,MM,SE,0.8,N,
DATAFLOW,SPC:DF_CLIMATE_CHANGE(1.0),I,A,RAIN_ANOM,VU,2017,1.7,,MM,SE,1.2,N,
DATAFLOW,SPC:DF_CLIMATE_CHANGE(1.0),I,A,RAIN_ANOM,VU,2018,-0.3,,MM,SE,0.9,N,
DATAFLOW,SPC:DF_CLIMATE_CHANGE(1.0),I,A,RAIN_ANOM,VU,2019,-2.4,,MM,SE,0.7,N,
DATAFLOW,SPC:DF_CLIMATE_CHANGE(1.0),I,A,RAIN_ANOM,VU,2020,14.1,,MM,SE,1,N,
DATAFLOW,SPC:DF_CLIMATE_CHANGE(1.0),I,A,RAIN_ANOM,VU,2021,11.9,,MM,SE,1.1,N,
DATAFLOW,SPC:DF_CLIMATE_CHANGE(1.0),I,A,RAIN_ANOM,VU,2022,33.7,,MM,SE,1.1,N,
DATAFLOW,SPC:DF_CLIMATE_CHANGE(1.0),I,A,RAIN_ANOM,VU,2023,8.7,,MM,SE,1.1,N,
DATAFLOW,SPC:DF_CLIMATE_CHANGE(1.0),I,A,RAIN_ANOM,VU,2024,8,,MM,SE,1.4,N,
DATAFLOW,SPC:DF_CLIMATE_CHANGE(1.0),I,A,RAIN_ANOM,VU,2025,-0.3,,MM,SE,0.9,N,
DATAFLOW,SPC:DF_CLIMATE_CHANGE(1.0),I,A,RAIN_ANOM,GU,1979,-9.5,,MM,SE,0.8,N,
DATAFLOW,SPC:DF_CLIMATE_CHANGE(1.0),I,A,RAIN_ANOM,GU,1980,-6.5,,MM,SE,0.9,N,
DATAFLOW,SPC:DF_CLIMATE_CHANGE(1.0),I,A,RAIN_ANOM,GU,1981,-9.3,,MM,SE,0.7,N,
DATAFLOW,SPC:DF_CLIMATE_CHANGE(1.0),I,A,RAIN_ANOM,GU,1982,-6.1,,MM,SE,0.7,N,
DATAFLOW,SPC:DF_CLIMATE_CHANGE(1.0),I,A,RAIN_ANOM,GU,1983,-20.8,,MM,SE,1,N,
DATAFLOW,SPC:DF_CLIMATE_CHANGE(1.0),I,A,RAIN_ANOM,GU,1984,2.4,,MM,SE,1.2,N,
DATAFLOW,SPC:DF_CLIMATE_CHANGE(1.0),I,A,RAIN_ANOM,GU,1985,-2.2,,MM,SE,1,N,
DATAFLOW,SPC:DF_CLIMATE_CHANGE(1.0),I,A,RAIN_ANOM,GU,1986,1.7,,MM,SE,0.9,N,
DATAFLOW,SPC:DF_CLIMATE_CHANGE(1.0),I,A,RAIN_ANOM,GU,1987,-11,,MM,SE,1,N,
DATAFLOW,SPC:DF_CLIMATE_CHANGE(1.0),I,A,RAIN_ANOM,GU,1988,-18.5,,MM,SE,0.7,N,
DATAFLOW,SPC:DF_CLIMATE_CHANGE(1.0),I,A,RAIN_ANOM,GU,1989,1.2,,MM,SE,0.9,N,
DATAFLOW,SPC:DF_CLIMATE_CHANGE(1.0),I,A,RAIN_ANOM,GU,1990,13.2,,MM,SE,1.6,N,
DATAFLOW,SPC:DF_CLIMATE_CHANGE(1.0),I,A,RAIN_ANOM,GU,1991,7,,MM,SE,1.4,N,
DATAFLOW,SPC:DF_CLIMATE_CHANGE(1.0),I,A,RAIN_ANOM,GU,1992,-5,,MM,SE,1.4,N,
DATAFLOW,SPC:DF_CLIMATE_CHANGE(1.0),I,A,RAIN_ANOM,GU,1993,-15,,MM,SE,1,N,
DATAFLOW,SPC:DF_CLIMATE_CHANGE(1.0),I,A,RAIN_ANOM,GU,1994,0.3,,MM,SE,1.3,N,
DATAFLOW,SPC:DF_CLIMATE_CHANGE(1.0),I,A,RAIN_ANOM,GU,1995,-8.1,,MM,SE,0.8,N,
DATAFLOW,SPC:DF_CLIMATE_CHANGE(1.0),I,A,RAIN_ANOM,GU,1996,3.7,,MM,SE,1,N,
DATAFLOW,SPC:DF_CLIMATE_CHANGE(1.0),I,A,RAIN_ANOM,GU,1997,16.1,,MM,SE,1.4,N,
DATAFLOW,SPC:DF_CLIMATE_CHANGE(1.0),I,A,RAIN_ANOM,GU,1998,-27,,MM,SE,0.6,N,
DATAFLOW,SPC:DF_CLIMATE_CHANGE(1.0),I,A,RAIN_ANOM,GU,1999,-8.6,,MM,SE,0.7,N,
DATAFLOW,SPC:DF_CLIMATE_CHANGE(1.0),I,A,RAIN_ANOM,GU,2000,-8.2,,MM,SE,0.8,N,
DATAFLOW,SPC:DF_CLIMATE_CHANGE(1.0),I,A,RAIN_ANOM,GU,2001,-3.9,,MM,SE,1.2,N,
DATAFLOW,SPC:DF_CLIMATE_CHANGE(1.0),I,A,RAIN_ANOM,GU,2002,8.9,,MM,SE,1.3,N,
DATAFLOW,SPC:DF_CLIMATE_CHANGE(1.0),I,A,RAIN_ANOM,GU,2003,4.6,,MM,SE,0.9,N,
DATAFLOW,SPC:DF_CLIMATE_CHANGE(1.0),I,A,RAIN_ANOM,GU,2004,18.3,,MM,SE,1.7,N,
DATAFLOW,SPC:DF_CLIMATE_CHANGE(1.0),I,A,RAIN_ANOM,GU,2005,4.1,,MM,SE,1,N,
DATAFLOW,SPC:DF_CLIMATE_CHANGE(1.0),I,A,RAIN_ANOM,GU,2006,8.8,,MM,SE,1.5,N,
DATAFLOW,SPC:DF_CLIMATE_CHANGE(1.0),I,A,RAIN_ANOM,GU,2007,2.5,,MM,SE,1,N,
DATAFLOW,SPC:DF_CLIMATE_CHANGE(1.0),I,A,RAIN_ANOM,GU,2008,-15.5,,MM,SE,0.7,N,
DATAFLOW,SPC:DF_CLIMATE_CHANGE(1.0),I,A,RAIN_ANOM,GU,2009,11.2,,MM,SE,1.1,N,
DATAFLOW,SPC:DF_CLIMATE_CHANGE(1.0),I,A,RAIN_ANOM,GU,2010,-13.6,,MM,SE,0.9,N,
DATAFLOW,SPC:DF_CLIMATE_CHANGE(1.0),I,A,RAIN_ANOM,GU,2011,6.6,,MM,SE,1.2,N,
DATAFLOW,SPC:DF_CLIMATE_CHANGE(1.0),I,A,RAIN_ANOM,GU,2012,4.8,,MM,SE,1.4,N,
DATAFLOW,SPC:DF_CLIMATE_CHANGE(1.0),I,A,RAIN_ANOM,GU,2013,-5.5,,MM,SE,1.4,N,
DATAFLOW,SPC:DF_CLIMATE_CHANGE(1.0),I,A,RAIN_ANOM,GU,2014,5,,MM,SE,1.4,N,
DATAFLOW,SPC:DF_CLIMATE_CHANGE(1.0),I,A,RAIN_ANOM,GU,2015,15.2,,MM,SE,1.2,N,
DATAFLOW,SPC:DF_CLIMATE_CHANGE(1.0),I,A,RAIN_ANOM,GU,2016,-8.2,,MM,SE,1.2,N,
DATAFLOW,SPC:DF_CLIMATE_CHANGE(1.0),I,A,RAIN_ANOM,GU,2017,-0.7,,MM,SE,0.8,N,
DATAFLOW,SPC:DF_CLIMATE_CHANGE(1.0),I,A,RAIN_ANOM,GU,2018,8.5,,MM,SE,1.3,N,
DATAFLOW,SPC:DF_CLIMATE_CHANGE(1.0),I,A,RAIN_ANOM,GU,2019,6.2,,MM,SE,1.1,N,
DATAFLOW,SPC:DF_CLIMATE_CHANGE(1.0),I,A,RAIN_ANOM,GU,2020,-12.4,,MM,SE,0.8,N,
DATAFLOW,SPC:DF_CLIMATE_CHANGE(1.0),I,A,RAIN_ANOM,GU,2021,-5.4,,MM,SE,0.9,N,
DATAFLOW,SPC:DF_CLIMATE_CHANGE(1.0),I,A,RAIN_ANOM,GU,2022,-1.3,,MM,SE,0.9,N,
DATAFLOW,SPC:DF_CLIMATE_CHANGE(1.0),I,A,RAIN_ANOM,GU,2023,15.2,,MM,SE,0.9,N,
DATAFLOW,SPC:DF_CLIMATE_CHANGE(1.0),I,A,RAIN_ANOM,GU,2024,-8.3,,MM,SE,1,N,
DATAFLOW,SPC:DF_CLIMATE_CHANGE(1.0),I,A,RAIN_ANOM,GU,2025,-3.1,,MM,SE,1,N,
DATAFLOW,SPC:DF_CLIMATE_CHANGE(1.0),I,A,RAIN_ANOM,PF,1979,4.7,,MM,SE,0.8,N,
DATAFLOW,SPC:DF_CLIMATE_CHANGE(1.0),I,A,RAIN_ANOM,PF,1980,-3.3,,MM,SE,0.4,N,
DATAFLOW,SPC:DF_CLIMATE_CHANGE(1.0),I,A,RAIN_ANOM,PF,1981,2.5,,MM,SE,0.6,N,
DATAFLOW,SPC:DF_CLIMATE_CHANGE(1.0),I,A,RAIN_ANOM,PF,1982,-7,,MM,SE,0.4,N,
DATAFLOW,SPC:DF_CLIMATE_CHANGE(1.0),I,A,RAIN_ANOM,PF,1983,1.7,,MM,SE,0.5,N,
DATAFLOW,SPC:DF_CLIMATE_CHANGE(1.0),I,A,RAIN_ANOM,PF,1984,6.9,,MM,SE,0.6,N,
DATAFLOW,SPC:DF_CLIMATE_CHANGE(1.0),I,A,RAIN_ANOM,PF,1985,4.4,,MM,SE,0.6,N,
DATAFLOW,SPC:DF_CLIMATE_CHANGE(1.0),I,A,RAIN_ANOM,PF,1986,-0.8,,MM,SE,0.6,N,
DATAFLOW,SPC:DF_CLIMATE_CHANGE(1.0),I,A,RAIN_ANOM,PF,1987,2.1,,MM,SE,0.5,N,
DATAFLOW,SPC:DF_CLIMATE_CHANGE(1.0),I,A,RAIN_ANOM,PF,1988,-5.7,,MM,SE,0.4,N,
DATAFLOW,SPC:DF_CLIMATE_CHANGE(1.0),I,A,RAIN_ANOM,PF,1989,-3.6,,MM,SE,0.6,N,
DATAFLOW,SPC:DF_CLIMATE_CHANGE(1.0),I,A,RAIN_ANOM,PF,1990,-6,,MM,SE,0.7,N,
DATAFLOW,SPC:DF_CLIMATE_CHANGE(1.0),I,A,RAIN_ANOM,PF,1991,-3.3,,MM,SE,0.7,N,
DATAFLOW,SPC:DF_CLIMATE_CHANGE(1.0),I,A,RAIN_ANOM,PF,1992,4.5,,MM,SE,0.6,N,
DATAFLOW,SPC:DF_CLIMATE_CHANGE(1.0),I,A,RAIN_ANOM,PF,1993,-0.6,,MM,SE,0.5,N,
DATAFLOW,SPC:DF_CLIMATE_CHANGE(1.0),I,A,RAIN_ANOM,PF,1994,1.6,,MM,SE,0.6,N,
DATAFLOW,SPC:DF_CLIMATE_CHANGE(1.0),I,A,RAIN_ANOM,PF,1995,7.8,,MM,SE,0.8,N,
DATAFLOW,SPC:DF_CLIMATE_CHANGE(1.0),I,A,RAIN_ANOM,PF,1996,-5.2,,MM,SE,0.4,N,
DATAFLOW,SPC:DF_CLIMATE_CHANGE(1.0),I,A,RAIN_ANOM,PF,1997,2.3,,MM,SE,0.6,N,
DATAFLOW,SPC:DF_CLIMATE_CHANGE(1.0),I,A,RAIN_ANOM,PF,1998,20,,MM,SE,1.1,N,
DATAFLOW,SPC:DF_CLIMATE_CHANGE(1.0),I,A,RAIN_ANOM,PF,1999,-9.3,,MM,SE,0.4,N,
DATAFLOW,SPC:DF_CLIMATE_CHANGE(1.0),I,A,RAIN_ANOM,PF,2000,-2,,MM,SE,0.7,N,
DATAFLOW,SPC:DF_CLIMATE_CHANGE(1.0),I,A,RAIN_ANOM,PF,2001,4.3,,MM,SE,0.7,N,
DATAFLOW,SPC:DF_CLIMATE_CHANGE(1.0),I,A,RAIN_ANOM,PF,2002,-7,,MM,SE,0.5,N,
DATAFLOW,SPC:DF_CLIMATE_CHANGE(1.0),I,A,RAIN_ANOM,PF,2003,6.8,,MM,SE,0.6,N,
DATAFLOW,SPC:DF_CLIMATE_CHANGE(1.0),I,A,RAIN_ANOM,PF,2004,5.4,,MM,SE,0.8,N,
DATAFLOW,SPC:DF_CLIMATE_CHANGE(1.0),I,A,RAIN_ANOM,PF,2005,-2.9,,MM,SE,0.8,N,
DATAFLOW,SPC:DF_CLIMATE_CHANGE(1.0),I,A,RAIN_ANOM,PF,2006,-2.3,,MM,SE,0.5,N,
DATAFLOW,SPC:DF_CLIMATE_CHANGE(1.0),I,A,RAIN_ANOM,PF,2007,3.1,,MM,SE,0.7,N,
DATAFLOW,SPC:DF_CLIMATE_CHANGE(1.0),I,A,RAIN_ANOM,PF,2008,-14.6,,MM,SE,0.4,N,
DATAFLOW,SPC:DF_CLIMATE_CHANGE(1.0),I,A,RAIN_ANOM,PF,2009,-5.2,,MM,SE,0.4,N,
DATAFLOW,SPC:DF_CLIMATE_CHANGE(1.0),I,A,RAIN_ANOM,PF,2010,1.9,,MM,SE,0.9,N,
DATAFLOW,SPC:DF_CLIMATE_CHANGE(1.0),I,A,RAIN_ANOM,PF,2011,-20.4,,MM,SE,0.3,N,
DATAFLOW,SPC:DF_CLIMATE_CHANGE(1.0),I,A,RAIN_ANOM,PF,2012,-1.5,,MM,SE,0.8,N,
DATAFLOW,SPC:DF_CLIMATE_CHANGE(1.0),I,A,RAIN_ANOM,PF,2013,1.5,,MM,SE,0.8,N,
DATAFLOW,SPC:DF_CLIMATE_CHANGE(1.0),I,A,RAIN_ANOM,PF,2014,8.5,,MM,SE,0.7,N,
DATAFLOW,SPC:DF_CLIMATE_CHANGE(1.0),I,A,RAIN_ANOM,PF,2015,-7.2,,MM,SE,0.6,N,
DATAFLOW,SPC:DF_CLIMATE_CHANGE(1.0),I,A,RAIN_ANOM,PF,2016,9.7,,MM,SE,0.9,N,
DATAFLOW,SPC:DF_CLIMATE_CHANGE(1.0),I,A,RAIN_ANOM,PF,2017,1.1,,MM,SE,0.6,N,
DATAFLOW,SPC:DF_CLIMATE_CHANGE(1.0),I,A,RAIN_ANOM,PF,2018,-5.2,,MM,SE,0.8,N,
DATAFLOW,SPC:DF_CLIMATE_CHANGE(1.0),I,A,RAIN_ANOM,PF,2019,14.6,,MM,SE,0.6,N,
DATAFLOW,SPC:DF_CLIMATE_CHANGE(1.0),I,A,RAIN_ANOM,PF,2020,-6.5,,MM,SE,0.4,N,
DATAFLOW,SPC:DF_CLIMATE_CHANGE(1.0),I,A,RAIN_ANOM,PF,2021,-14.9,,MM,SE,0.3,N,
DATAFLOW,SPC:DF_CLIMATE_CHANGE(1.0),I,A,RAIN_ANOM,PF,2022,-9.6,,MM,SE,0.8,N,
DATAFLOW,SPC:DF_CLIMATE_CHANGE(1.0),I,A,RAIN_ANOM,PF,2023,-1.3,,MM,SE,0.5,N,
DATAFLOW,SPC:DF_CLIMATE_CHANGE(1.0),I,A,RAIN_ANOM,PF,2024,-0.4,,MM,SE,0.7,N,
DATAFLOW,SPC:DF_CLIMATE_CHANGE(1.0),I,A,RAIN_ANOM,PF,2025,5.3,,MM,SE,0.7,N,
DATAFLOW,SPC:DF_CLIMATE_CHANGE(1.0),I,A,RAIN_ANOM,TO,1979,-19.5,,MM,SE,0.4,N,
DATAFLOW,SPC:DF_CLIMATE_CHANGE(1.0),I,A,RAIN_ANOM,TO,1980,-16.5,,MM,SE,0.6,N,
DATAFLOW,SPC:DF_CLIMATE_CHANGE(1.0),I,A,RAIN_ANOM,TO,1981,-14.8,,MM,SE,0.5,N,
DATAFLOW,SPC:DF_CLIMATE_CHANGE(1.0),I,A,RAIN_ANOM,TO,1982,-2.2,,MM,SE,0.9,N,
DATAFLOW,SPC:DF_CLIMATE_CHANGE(1.0),I,A,RAIN_ANOM,TO,1983,-26,,MM,SE,0.6,N,
DATAFLOW,SPC:DF_CLIMATE_CHANGE(1.0),I,A,RAIN_ANOM,TO,1984,-9.2,,MM,SE,0.6,N,
DATAFLOW,SPC:DF_CLIMATE_CHANGE(1.0),I,A,RAIN_ANOM,TO,1985,-12.7,,MM,SE,0.8,N,
DATAFLOW,SPC:DF_CLIMATE_CHANGE(1.0),I,A,RAIN_ANOM,TO,1986,-13.4,,MM,SE,0.8,N,
DATAFLOW,SPC:DF_CLIMATE_CHANGE(1.0),I,A,RAIN_ANOM,TO,1987,-26.3,,MM,SE,0.8,N,
DATAFLOW,SPC:DF_CLIMATE_CHANGE(1.0),I,A,RAIN_ANOM,TO,1988,3,,MM,SE,1.1,N,
DATAFLOW,SPC:DF_CLIMATE_CHANGE(1.0),I,A,RAIN_ANOM,TO,1989,-10.7,,MM,SE,1.2,N,
DATAFLOW,SPC:DF_CLIMATE_CHANGE(1.0),I,A,RAIN_ANOM,TO,1990,-3.6,,MM,SE,0.7,N,
DATAFLOW,SPC:DF_CLIMATE_CHANGE(1.0),I,A,RAIN_ANOM,TO,1991,-8,,MM,SE,0.7,N,
DATAFLOW,SPC:DF_CLIMATE_CHANGE(1.0),I,A,RAIN_ANOM,TO,1992,-10.5,,MM,SE,0.5,N,
DATAFLOW,SPC:DF_CLIMATE_CHANGE(1.0),I,A,RAIN_ANOM,TO,1993,0.1,,MM,SE,0.9,N,
DATAFLOW,SPC:DF_CLIMATE_CHANGE(1.0),I,A,RAIN_ANOM,TO,1994,-16.1,,MM,SE,0.9,N,
DATAFLOW,SPC:DF_CLIMATE_CHANGE(1.0),I,A,RAIN_ANOM,TO,1995,-3.2,,MM,SE,0.7,N,
DATAFLOW,SPC:DF_CLIMATE_CHANGE(1.0),I,A,RAIN_ANOM,TO,1996,-4.2,,MM,SE,1.2,N,
DATAFLOW,SPC:DF_CLIMATE_CHANGE(1.0),I,A,RAIN_ANOM,TO,1997,-3.4,,MM,SE,1.1,N,
DATAFLOW,SPC:DF_CLIMATE_CHANGE(1.0),I,A,RAIN_ANOM,TO,1998,-21.8,,MM,SE,1.1,N,
DATAFLOW,SPC:DF_CLIMATE_CHANGE(1.0),I,A,RAIN_ANOM,TO,1999,12.7,,MM,SE,1,N,
DATAFLOW,SPC:DF_CLIMATE_CHANGE(1.0),I,A,RAIN_ANOM,TO,2000,3.9,,MM,SE,0.7,N,
DATAFLOW,SPC:DF_CLIMATE_CHANGE(1.0),I,A,RAIN_ANOM,TO,2001,-8,,MM,SE,0.7,N,
DATAFLOW,SPC:DF_CLIMATE_CHANGE(1.0),I,A,RAIN_ANOM,TO,2002,-5.3,,MM,SE,1,N,
DATAFLOW,SPC:DF_CLIMATE_CHANGE(1.0),I,A,RAIN_ANOM,TO,2003,-17,,MM,SE,0.9,N,
DATAFLOW,SPC:DF_CLIMATE_CHANGE(1.0),I,A,RAIN_ANOM,TO,2004,-3.5,,MM,SE,0.8,N,
DATAFLOW,SPC:DF_CLIMATE_CHANGE(1.0),I,A,RAIN_ANOM,TO,2005,4.9,,MM,SE,1.1,N,
DATAFLOW,SPC:DF_CLIMATE_CHANGE(1.0),I,A,RAIN_ANOM,TO,2006,3.5,,MM,SE,1.4,N,
DATAFLOW,SPC:DF_CLIMATE_CHANGE(1.0),I,A,RAIN_ANOM,TO,2007,7.6,,MM,SE,0.7,N,
DATAFLOW,SPC:DF_CLIMATE_CHANGE(1.0),I,A,RAIN_ANOM,TO,2008,3.5,,MM,SE,1.4,N,
DATAFLOW,SPC:DF_CLIMATE_CHANGE(1.0),I,A,RAIN_ANOM,TO,2009,1.3,,MM,SE,1.2,N,
DATAFLOW,SPC:DF_CLIMATE_CHANGE(1.0),I,A,RAIN_ANOM,TO,2010,-2.8,,MM,SE,1.1,N,
DATAFLOW,SPC:DF_CLIMATE_CHANGE(1.0),I,A,RAIN_ANOM,TO,2011,5.3,,MM,SE,1.1,N,
DATAFLOW,SPC:DF_CLIMATE_CHANGE(1.0),I,A,RAIN_ANOM,TO,2012,8.1,,MM,SE,1.2,N,
DATAFLOW,SPC:DF_CLIMATE_CHANGE(1.0),I,A,RAIN_ANOM,TO,2013,8.5,,MM,SE,1,N,
DATAFLOW,SPC:DF_CLIMATE_CHANGE(1.0),I,A,RAIN_ANOM,TO,2014,1.1,,MM,SE,1.1,N,
DATAFLOW,SPC:DF_CLIMATE_CHANGE(1.0),I,A,RAIN_ANOM,TO,2015,-21.5,,MM,SE,0.7,N,
DATAFLOW,SPC:DF_CLIMATE_CHANGE(1.0),I,A,RAIN_ANOM,TO,2016,-4.3,,MM,SE,1.2,N,
DATAFLOW,SPC:DF_CLIMATE_CHANGE(1.0),I,A,RAIN_ANOM,TO,2017,16.9,,MM,SE,1.5,N,
DATAFLOW,SPC:DF_CLIMATE_CHANGE(1.0),I,A,RAIN_ANOM,TO,2018,7.8,,MM,SE,1.2,N,
DATAFLOW,SPC:DF_CLIMATE_CHANGE(1.0),I,A,RAIN_ANOM,TO,2019,37,,MM,SE,1.2,N,
DATAFLOW,SPC:DF_CLIMATE_CHANGE(1.0),I,A,RAIN_ANOM,TO,2020,7.3,,MM,SE,0.9,N,
DATAFLOW,SPC:DF_CLIMATE_CHANGE(1.0),I,A,RAIN_ANOM,TO,2021,3.2,,MM,SE,1.4,N,
DATAFLOW,SPC:DF_CLIMATE_CHANGE(1.0),I,A,RAIN_ANOM,TO,2022,1.4,,MM,SE,1.1,N,
DATAFLOW,SPC:DF_CLIMATE_CHANGE(1.0),I,A,RAIN_ANOM,TO,2023,-10.9,,MM,SE,0.8,N,
DATAFLOW,SPC:DF_CLIMATE_CHANGE(1.0),I,A,RAIN_ANOM,TO,2024,-2,,MM,SE,0.8,N,
DATAFLOW,SPC:DF_CLIMATE_CHANGE(1.0),I,A,RAIN_ANOM,TO,2025,16.3,,MM,SE,1.1,N,
DATAFLOW,SPC:DF_CLIMATE_CHANGE(1.0),I,A,RAIN_ANOM,NC,1979,-4.4,,MM,SE,0.6,N,
DATAFLOW,SPC:DF_CLIMATE_CHANGE(1.0),I,A,RAIN_ANOM,NC,1980,-0.5,,MM,SE,0.9,N,
DATAFLOW,SPC:DF_CLIMATE_CHANGE(1.0),I,A,RAIN_ANOM,NC,1981,9.1,,MM,SE,1.4,N,
DATAFLOW,SPC:DF_CLIMATE_CHANGE(1.0),I,A,RAIN_ANOM,NC,1982,8.3,,MM,SE,1,N,
DATAFLOW,SPC:DF_CLIMATE_CHANGE(1.0),I,A,RAIN_ANOM,NC,1983,-3.1,,MM,SE,0.5,N,
DATAFLOW,SPC:DF_CLIMATE_CHANGE(1.0),I,A,RAIN_ANOM,NC,1984,16.2,,MM,SE,1,N,
DATAFLOW,SPC:DF_CLIMATE_CHANGE(1.0),I,A,RAIN_ANOM,NC,1985,13.9,,MM,SE,0.7,N,
DATAFLOW,SPC:DF_CLIMATE_CHANGE(1.0),I,A,RAIN_ANOM,NC,1986,8.9,,MM,SE,1.1,N,
DATAFLOW,SPC:DF_CLIMATE_CHANGE(1.0),I,A,RAIN_ANOM,NC,1987,-14.8,,MM,SE,0.3,N,
DATAFLOW,SPC:DF_CLIMATE_CHANGE(1.0),I,A,RAIN_ANOM,NC,1988,35.8,,MM,SE,1.3,N,
DATAFLOW,SPC:DF_CLIMATE_CHANGE(1.0),I,A,RAIN_ANOM,NC,1989,37.3,,MM,SE,1.7,N,
DATAFLOW,SPC:DF_CLIMATE_CHANGE(1.0),I,A,RAIN_ANOM,NC,1990,25.8,,MM,SE,1.6,N,
DATAFLOW,SPC:DF_CLIMATE_CHANGE(1.0),I,A,RAIN_ANOM,NC,1991,-7.4,,MM,SE,0.9,N,
DATAFLOW,SPC:DF_CLIMATE_CHANGE(1.0),I,A,RAIN_ANOM,NC,1992,6.3,,MM,SE,1.3,N,
DATAFLOW,SPC:DF_CLIMATE_CHANGE(1.0),I,A,RAIN_ANOM,NC,1993,-10.2,,MM,SE,0.8,N,
DATAFLOW,SPC:DF_CLIMATE_CHANGE(1.0),I,A,RAIN_ANOM,NC,1994,-12.7,,MM,SE,0.8,N,
DATAFLOW,SPC:DF_CLIMATE_CHANGE(1.0),I,A,RAIN_ANOM,NC,1995,-0.5,,MM,SE,1.1,N,
DATAFLOW,SPC:DF_CLIMATE_CHANGE(1.0),I,A,RAIN_ANOM,NC,1996,23.4,,MM,SE,1.3,N,
DATAFLOW,SPC:DF_CLIMATE_CHANGE(1.0),I,A,RAIN_ANOM,NC,1997,-0.9,,MM,SE,0.8,N,
DATAFLOW,SPC:DF_CLIMATE_CHANGE(1.0),I,A,RAIN_ANOM,NC,1998,11.3,,MM,SE,0.6,N,
DATAFLOW,SPC:DF_CLIMATE_CHANGE(1.0),I,A,RAIN_ANOM,NC,1999,34.2,,MM,SE,1.3,N,
DATAFLOW,SPC:DF_CLIMATE_CHANGE(1.0),I,A,RAIN_ANOM,NC,2000,9.9,,MM,SE,1,N,
DATAFLOW,SPC:DF_CLIMATE_CHANGE(1.0),I,A,RAIN_ANOM,NC,2001,2,,MM,SE,0.9,N,
DATAFLOW,SPC:DF_CLIMATE_CHANGE(1.0),I,A,RAIN_ANOM,NC,2002,8.4,,MM,SE,1.1,N,
DATAFLOW,SPC:DF_CLIMATE_CHANGE(1.0),I,A,RAIN_ANOM,NC,2003,0.7,,MM,SE,0.6,N,
DATAFLOW,SPC:DF_CLIMATE_CHANGE(1.0),I,A,RAIN_ANOM,NC,2004,-4,,MM,SE,0.9,N,
DATAFLOW,SPC:DF_CLIMATE_CHANGE(1.0),I,A,RAIN_ANOM,NC,2005,1.1,,MM,SE,0.9,N,
DATAFLOW,SPC:DF_CLIMATE_CHANGE(1.0),I,A,RAIN_ANOM,NC,2006,1.8,,MM,SE,0.9,N,
DATAFLOW,SPC:DF_CLIMATE_CHANGE(1.0),I,A,RAIN_ANOM,NC,2007,5.3,,MM,SE,0.7,N,
DATAFLOW,SPC:DF_CLIMATE_CHANGE(1.0),I,A,RAIN_ANOM,NC,2008,32.4,,MM,SE,1.6,N,
DATAFLOW,SPC:DF_CLIMATE_CHANGE(1.0),I,A,RAIN_ANOM,NC,2009,9.7,,MM,SE,1.3,N,
DATAFLOW,SPC:DF_CLIMATE_CHANGE(1.0),I,A,RAIN_ANOM,NC,2010,-10.8,,MM,SE,0.5,N,
DATAFLOW,SPC:DF_CLIMATE_CHANGE(1.0),I,A,RAIN_ANOM,NC,2011,3.1,,MM,SE,0.9,N,
DATAFLOW,SPC:DF_CLIMATE_CHANGE(1.0),I,A,RAIN_ANOM,NC,2012,-4.1,,MM,SE,0.5,N,
DATAFLOW,SPC:DF_CLIMATE_CHANGE(1.0),I,A,RAIN_ANOM,NC,2013,-6.1,,MM,SE,0.5,N,
DATAFLOW,SPC:DF_CLIMATE_CHANGE(1.0),I,A,RAIN_ANOM,NC,2014,-12.8,,MM,SE,0.5,N,
DATAFLOW,SPC:DF_CLIMATE_CHANGE(1.0),I,A,RAIN_ANOM,NC,2015,-12.3,,MM,SE,0.6,N,
DATAFLOW,SPC:DF_CLIMATE_CHANGE(1.0),I,A,RAIN_ANOM,NC,2016,-16,,MM,SE,0.6,N,
DATAFLOW,SPC:DF_CLIMATE_CHANGE(1.0),I,A,RAIN_ANOM,NC,2017,-18.5,,MM,SE,0.5,N,
DATAFLOW,SPC:DF_CLIMATE_CHANGE(1.0),I,A,RAIN_ANOM,NC,2018,-9.6,,MM,SE,0.7,N,
DATAFLOW,SPC:DF_CLIMATE_CHANGE(1.0),I,A,RAIN_ANOM,NC,2019,-15.3,,MM,SE,0.6,N,
DATAFLOW,SPC:DF_CLIMATE_CHANGE(1.0),I,A,RAIN_ANOM,NC,2020,-8.3,,MM,SE,0.7,N,
DATAFLOW,SPC:DF_CLIMATE_CHANGE(1.0),I,A,RAIN_ANOM,NC,2021,3.5,,MM,SE,1,N,
DATAFLOW,SPC:DF_CLIMATE_CHANGE(1.0),I,A,RAIN_ANOM,NC,2022,14.5,,MM,SE,0.8,N,
DATAFLOW,SPC:DF_CLIMATE_CHANGE(1.0),I,A,RAIN_ANOM,NC,2023,-8.5,,MM,SE,0.7,N,
DATAFLOW,SPC:DF_CLIMATE_CHANGE(1.0),I,A,RAIN_ANOM,NC,2024,-9.3,,MM,SE,0.6,N,
DATAFLOW,SPC:DF_CLIMATE_CHANGE(1.0),I,A,RAIN_ANOM,NC,2025,-6.6,,MM,SE,0.7,N,
DATAFLOW,SPC:DF_CLIMATE_CHANGE(1.0),I,A,RAIN_ANOM,FM,1979,7,,MM,SE,0.9,N,
DATAFLOW,SPC:DF_CLIMATE_CHANGE(1.0),I,A,RAIN_ANOM,FM,1980,0.4,,MM,SE,0.9,N,
DATAFLOW,SPC:DF_CLIMATE_CHANGE(1.0),I,A,RAIN_ANOM,FM,1981,-6.3,,MM,SE,0.7,N,
DATAFLOW,SPC:DF_CLIMATE_CHANGE(1.0),I,A,RAIN_ANOM,FM,1982,-2.5,,MM,SE,1.2,N,
DATAFLOW,SPC:DF_CLIMATE_CHANGE(1.0),I,A,RAIN_ANOM,FM,1983,-44.4,,MM,SE,1.4,N,
DATAFLOW,SPC:DF_CLIMATE_CHANGE(1.0),I,A,RAIN_ANOM,FM,1984,-26.4,,MM,SE,1.1,N,
DATAFLOW,SPC:DF_CLIMATE_CHANGE(1.0),I,A,RAIN_ANOM,FM,1985,-6.3,,MM,SE,0.7,N,
DATAFLOW,SPC:DF_CLIMATE_CHANGE(1.0),I,A,RAIN_ANOM,FM,1986,19.5,,MM,SE,1,N,
DATAFLOW,SPC:DF_CLIMATE_CHANGE(1.0),I,A,RAIN_ANOM,FM,1987,-1.1,,MM,SE,1.1,N,
DATAFLOW,SPC:DF_CLIMATE_CHANGE(1.0),I,A,RAIN_ANOM,FM,1988,-11,,MM,SE,0.9,N,
DATAFLOW,SPC:DF_CLIMATE_CHANGE(1.0),I,A,RAIN_ANOM,FM,1989,13.3,,MM,SE,1.2,N,
DATAFLOW,SPC:DF_CLIMATE_CHANGE(1.0),I,A,RAIN_ANOM,FM,1990,5.4,,MM,SE,1.1,N,
DATAFLOW,SPC:DF_CLIMATE_CHANGE(1.0),I,A,RAIN_ANOM,FM,1991,-10.9,,MM,SE,0.8,N,
DATAFLOW,SPC:DF_CLIMATE_CHANGE(1.0),I,A,RAIN_ANOM,FM,1992,-33.4,,MM,SE,0.9,N,
DATAFLOW,SPC:DF_CLIMATE_CHANGE(1.0),I,A,RAIN_ANOM,FM,1993,18.7,,MM,SE,0.8,N,
DATAFLOW,SPC:DF_CLIMATE_CHANGE(1.0),I,A,RAIN_ANOM,FM,1994,-9.8,,MM,SE,0.9,N,
DATAFLOW,SPC:DF_CLIMATE_CHANGE(1.0),I,A,RAIN_ANOM,FM,1995,-12.3,,MM,SE,0.7,N,
DATAFLOW,SPC:DF_CLIMATE_CHANGE(1.0),I,A,RAIN_ANOM,FM,1996,-1.8,,MM,SE,0.9,N,
DATAFLOW,SPC:DF_CLIMATE_CHANGE(1.0),I,A,RAIN_ANOM,FM,1997,-13.2,,MM,SE,1,N,
DATAFLOW,SPC:DF_CLIMATE_CHANGE(1.0),I,A,RAIN_ANOM,FM,1998,-39.4,,MM,SE,1,N,
DATAFLOW,SPC:DF_CLIMATE_CHANGE(1.0),I,A,RAIN_ANOM,FM,1999,15.2,,MM,SE,1.2,N,
DATAFLOW,SPC:DF_CLIMATE_CHANGE(1.0),I,A,RAIN_ANOM,FM,2000,8.8,,MM,SE,0.7,N,
DATAFLOW,SPC:DF_CLIMATE_CHANGE(1.0),I,A,RAIN_ANOM,FM,2001,0.9,,MM,SE,0.7,N,
DATAFLOW,SPC:DF_CLIMATE_CHANGE(1.0),I,A,RAIN_ANOM,FM,2002,6.2,,MM,SE,1,N,
DATAFLOW,SPC:DF_CLIMATE_CHANGE(1.0),I,A,RAIN_ANOM,FM,2003,-3.1,,MM,SE,0.9,N,
DATAFLOW,SPC:DF_CLIMATE_CHANGE(1.0),I,A,RAIN_ANOM,FM,2004,8.6,,MM,SE,1.2,N,
DATAFLOW,SPC:DF_CLIMATE_CHANGE(1.0),I,A,RAIN_ANOM,FM,2005,9.1,,MM,SE,1.2,N,
DATAFLOW,SPC:DF_CLIMATE_CHANGE(1.0),I,A,RAIN_ANOM,FM,2006,4.8,,MM,SE,0.7,N,
DATAFLOW,SPC:DF_CLIMATE_CHANGE(1.0),I,A,RAIN_ANOM,FM,2007,0.9,,MM,SE,0.5,N,
DATAFLOW,SPC:DF_CLIMATE_CHANGE(1.0),I,A,RAIN_ANOM,FM,2008,-1.8,,MM,SE,0.8,N,
DATAFLOW,SPC:DF_CLIMATE_CHANGE(1.0),I,A,RAIN_ANOM,FM,2009,8.9,,MM,SE,1.1,N,
DATAFLOW,SPC:DF_CLIMATE_CHANGE(1.0),I,A,RAIN_ANOM,FM,2010,-7.8,,MM,SE,1,N,
DATAFLOW,SPC:DF_CLIMATE_CHANGE(1.0),I,A,RAIN_ANOM,FM,2011,16.9,,MM,SE,0.8,N,
DATAFLOW,SPC:DF_CLIMATE_CHANGE(1.0),I,A,RAIN_ANOM,FM,2012,1,,MM,SE,0.6,N,
DATAFLOW,SPC:DF_CLIMATE_CHANGE(1.0),I,A,RAIN_ANOM,FM,2013,-2.4,,MM,SE,0.6,N,
DATAFLOW,SPC:DF_CLIMATE_CHANGE(1.0),I,A,RAIN_ANOM,FM,2014,14.9,,MM,SE,1,N,
DATAFLOW,SPC:DF_CLIMATE_CHANGE(1.0),I,A,RAIN_ANOM,FM,2015,-11.8,,MM,SE,0.9,N,
DATAFLOW,SPC:DF_CLIMATE_CHANGE(1.0),I,A,RAIN_ANOM,FM,2016,-12.3,,MM,SE,0.8,N,
DATAFLOW,SPC:DF_CLIMATE_CHANGE(1.0),I,A,RAIN_ANOM,FM,2017,5,,MM,SE,0.6,N,
DATAFLOW,SPC:DF_CLIMATE_CHANGE(1.0),I,A,RAIN_ANOM,FM,2018,-0.4,,MM,SE,0.6,N,
DATAFLOW,SPC:DF_CLIMATE_CHANGE(1.0),I,A,RAIN_ANOM,FM,2019,34.7,,MM,SE,1,N,
DATAFLOW,SPC:DF_CLIMATE_CHANGE(1.0),I,A,RAIN_ANOM,FM,2020,5.6,,MM,SE,1.1,N,
DATAFLOW,SPC:DF_CLIMATE_CHANGE(1.0),I,A,RAIN_ANOM,FM,2021,20.1,,MM,SE,1,N,
DATAFLOW,SPC:DF_CLIMATE_CHANGE(1.0),I,A,RAIN_ANOM,FM,2022,4.6,,MM,SE,0.8,N,
DATAFLOW,SPC:DF_CLIMATE_CHANGE(1.0),I,A,RAIN_ANOM,FM,2023,23.4,,MM,SE,0.8,N,
DATAFLOW,SPC:DF_CLIMATE_CHANGE(1.0),I,A,RAIN_ANOM,FM,2024,8.7,,MM,SE,0.6,N,
DATAFLOW,SPC:DF_CLIMATE_CHANGE(1.0),I,A,RAIN_ANOM,FM,2025,5.7,,MM,SE,0.6,N,
DATAFLOW,SPC:DF_CLIMATE_CHANGE(1.0),I,A,RAIN_ANOM,NU,1979,-18.1,,MM,SE,0.3,N,
DATAFLOW,SPC:DF_CLIMATE_CHANGE(1.0),I,A,RAIN_ANOM,NU,1980,-12.6,,MM,SE,0.5,N,
DATAFLOW,SPC:DF_CLIMATE_CHANGE(1.0),I,A,RAIN_ANOM,NU,1981,-6,,MM,SE,0.6,N,
DATAFLOW,SPC:DF_CLIMATE_CHANGE(1.0),I,A,RAIN_ANOM,NU,1982,-6.8,,MM,SE,0.9,N,
DATAFLOW,SPC:DF_CLIMATE_CHANGE(1.0),I,A,RAIN_ANOM,NU,1983,-24.1,,MM,SE,0.6,N,
DATAFLOW,SPC:DF_CLIMATE_CHANGE(1.0),I,A,RAIN_ANOM,NU,1984,-5.9,,MM,SE,0.6,N,
DATAFLOW,SPC:DF_CLIMATE_CHANGE(1.0),I,A,RAIN_ANOM,NU,1985,-4.5,,MM,SE,0.6,N,
DATAFLOW,SPC:DF_CLIMATE_CHANGE(1.0),I,A,RAIN_ANOM,NU,1986,-13.7,,MM,SE,0.7,N,
DATAFLOW,SPC:DF_CLIMATE_CHANGE(1.0),I,A,RAIN_ANOM,NU,1987,-18.2,,MM,SE,0.7,N,
DATAFLOW,SPC:DF_CLIMATE_CHANGE(1.0),I,A,RAIN_ANOM,NU,1988,20.8,,MM,SE,1.1,N,
DATAFLOW,SPC:DF_CLIMATE_CHANGE(1.0),I,A,RAIN_ANOM,NU,1989,2,,MM,SE,1.5,N,
DATAFLOW,SPC:DF_CLIMATE_CHANGE(1.0),I,A,RAIN_ANOM,NU,1990,-8.8,,MM,SE,0.9,N,
DATAFLOW,SPC:DF_CLIMATE_CHANGE(1.0),I,A,RAIN_ANOM,NU,1991,-6.7,,MM,SE,1,N,
DATAFLOW,SPC:DF_CLIMATE_CHANGE(1.0),I,A,RAIN_ANOM,NU,1992,-12.7,,MM,SE,0.5,N,
DATAFLOW,SPC:DF_CLIMATE_CHANGE(1.0),I,A,RAIN_ANOM,NU,1993,-8.5,,MM,SE,0.6,N,
DATAFLOW,SPC:DF_CLIMATE_CHANGE(1.0),I,A,RAIN_ANOM,NU,1994,-7.6,,MM,SE,1,N,
DATAFLOW,SPC:DF_CLIMATE_CHANGE(1.0),I,A,RAIN_ANOM,NU,1995,-3,,MM,SE,0.7,N,
DATAFLOW,SPC:DF_CLIMATE_CHANGE(1.0),I,A,RAIN_ANOM,NU,1996,5.3,,MM,SE,1.3,N,
DATAFLOW,SPC:DF_CLIMATE_CHANGE(1.0),I,A,RAIN_ANOM,NU,1997,-23,,MM,SE,0.6,N,
DATAFLOW,SPC:DF_CLIMATE_CHANGE(1.0),I,A,RAIN_ANOM,NU,1998,-23.5,,MM,SE,0.6,N,
DATAFLOW,SPC:DF_CLIMATE_CHANGE(1.0),I,A,RAIN_ANOM,NU,1999,5.5,,MM,SE,0.9,N,
DATAFLOW,SPC:DF_CLIMATE_CHANGE(1.0),I,A,RAIN_ANOM,NU,2000,0.8,,MM,SE,0.8,N,
DATAFLOW,SPC:DF_CLIMATE_CHANGE(1.0),I,A,RAIN_ANOM,NU,2001,-7.9,,MM,SE,0.6,N,
DATAFLOW,SPC:DF_CLIMATE_CHANGE(1.0),I,A,RAIN_ANOM,NU,2002,-18.7,,MM,SE,0.6,N,
DATAFLOW,SPC:DF_CLIMATE_CHANGE(1.0),I,A,RAIN_ANOM,NU,2003,-6.6,,MM,SE,0.6,N,
DATAFLOW,SPC:DF_CLIMATE_CHANGE(1.0),I,A,RAIN_ANOM,NU,2004,-5.4,,MM,SE,0.5,N,
DATAFLOW,SPC:DF_CLIMATE_CHANGE(1.0),I,A,RAIN_ANOM,NU,2005,14.8,,MM,SE,1,N,
DATAFLOW,SPC:DF_CLIMATE_CHANGE(1.0),I,A,RAIN_ANOM,NU,2006,16.5,,MM,SE,1.6,N,
DATAFLOW,SPC:DF_CLIMATE_CHANGE(1.0),I,A,RAIN_ANOM,NU,2007,18.5,,MM,SE,1.3,N,
DATAFLOW,SPC:DF_CLIMATE_CHANGE(1.0),I,A,RAIN_ANOM,NU,2008,19.7,,MM,SE,1.2,N,
DATAFLOW,SPC:DF_CLIMATE_CHANGE(1.0),I,A,RAIN_ANOM,NU,2009,-1.6,,MM,SE,0.8,N,
DATAFLOW,SPC:DF_CLIMATE_CHANGE(1.0),I,A,RAIN_ANOM,NU,2010,4.1,,MM,SE,0.9,N,
DATAFLOW,SPC:DF_CLIMATE_CHANGE(1.0),I,A,RAIN_ANOM,NU,2011,-0.7,,MM,SE,0.8,N,
DATAFLOW,SPC:DF_CLIMATE_CHANGE(1.0),I,A,RAIN_ANOM,NU,2012,6.7,,MM,SE,1.8,N,
DATAFLOW,SPC:DF_CLIMATE_CHANGE(1.0),I,A,RAIN_ANOM,NU,2013,-1,,MM,SE,0.8,N,
DATAFLOW,SPC:DF_CLIMATE_CHANGE(1.0),I,A,RAIN_ANOM,NU,2014,-11,,MM,SE,0.7,N,
DATAFLOW,SPC:DF_CLIMATE_CHANGE(1.0),I,A,RAIN_ANOM,NU,2015,-10.4,,MM,SE,0.7,N,
DATAFLOW,SPC:DF_CLIMATE_CHANGE(1.0),I,A,RAIN_ANOM,NU,2016,2,,MM,SE,0.9,N,
DATAFLOW,SPC:DF_CLIMATE_CHANGE(1.0),I,A,RAIN_ANOM,NU,2017,13.6,,MM,SE,1.4,N,
DATAFLOW,SPC:DF_CLIMATE_CHANGE(1.0),I,A,RAIN_ANOM,NU,2018,7.2,,MM,SE,1,N,
DATAFLOW,SPC:DF_CLIMATE_CHANGE(1.0),I,A,RAIN_ANOM,NU,2019,20.7,,MM,SE,0.6,N,
DATAFLOW,SPC:DF_CLIMATE_CHANGE(1.0),I,A,RAIN_ANOM,NU,2020,12.7,,MM,SE,1,N,
DATAFLOW,SPC:DF_CLIMATE_CHANGE(1.0),I,A,RAIN_ANOM,NU,2021,-5.1,,MM,SE,0.9,N,
DATAFLOW,SPC:DF_CLIMATE_CHANGE(1.0),I,A,RAIN_ANOM,NU,2022,-1.8,,MM,SE,0.8,N,
DATAFLOW,SPC:DF_CLIMATE_CHANGE(1.0),I,A,RAIN_ANOM,NU,2023,5,,MM,SE,1,N,
DATAFLOW,SPC:DF_CLIMATE_CHANGE(1.0),I,A,RAIN_ANOM,NU,2024,1.8,,MM,SE,0.9,N,
DATAFLOW,SPC:DF_CLIMATE_CHANGE(1.0),I,A,RAIN_ANOM,NU,2025,11.6,,MM,SE,1.3,N,
DATAFLOW,SPC:DF_CLIMATE_CHANGE(1.0),I,A,RAIN_ANOM,PG,1979,-11.1,,MM,SE,0.6,N,
DATAFLOW,SPC:DF_CLIMATE_CHANGE(1.0),I,A,RAIN_ANOM,PG,1980,-2.8,,MM,SE,0.7,N,
DATAFLOW,SPC:DF_CLIMATE_CHANGE(1.0),I,A,RAIN_ANOM,PG,1981,5.9,,MM,SE,0.5,N,
DATAFLOW,SPC:DF_CLIMATE_CHANGE(1.0),I,A,RAIN_ANOM,PG,1982,-17.7,,MM,SE,0.9,N,
DATAFLOW,SPC:DF_CLIMATE_CHANGE(1.0),I,A,RAIN_ANOM,PG,1983,13.1,,MM,SE,0.5,N,
DATAFLOW,SPC:DF_CLIMATE_CHANGE(1.0),I,A,RAIN_ANOM,PG,1984,4.5,,MM,SE,0.5,N,
DATAFLOW,SPC:DF_CLIMATE_CHANGE(1.0),I,A,RAIN_ANOM,PG,1985,10,,MM,SE,0.4,N,
DATAFLOW,SPC:DF_CLIMATE_CHANGE(1.0),I,A,RAIN_ANOM,PG,1986,0.5,,MM,SE,0.7,N,
DATAFLOW,SPC:DF_CLIMATE_CHANGE(1.0),I,A,RAIN_ANOM,PG,1987,-10,,MM,SE,1,N,
DATAFLOW,SPC:DF_CLIMATE_CHANGE(1.0),I,A,RAIN_ANOM,PG,1988,11.8,,MM,SE,0.4,N,
DATAFLOW,SPC:DF_CLIMATE_CHANGE(1.0),I,A,RAIN_ANOM,PG,1989,3.4,,MM,SE,0.4,N,
DATAFLOW,SPC:DF_CLIMATE_CHANGE(1.0),I,A,RAIN_ANOM,PG,1990,3.2,,MM,SE,0.5,N,
DATAFLOW,SPC:DF_CLIMATE_CHANGE(1.0),I,A,RAIN_ANOM,PG,1991,-8.1,,MM,SE,0.8,N,
DATAFLOW,SPC:DF_CLIMATE_CHANGE(1.0),I,A,RAIN_ANOM,PG,1992,-14.3,,MM,SE,0.8,N,
DATAFLOW,SPC:DF_CLIMATE_CHANGE(1.0),I,A,RAIN_ANOM,PG,1993,-18.7,,MM,SE,0.8,N,
DATAFLOW,SPC:DF_CLIMATE_CHANGE(1.0),I,A,RAIN_ANOM,PG,1994,-10.2,,MM,SE,0.6,N,
DATAFLOW,SPC:DF_CLIMATE_CHANGE(1.0),I,A,RAIN_ANOM,PG,1995,5,,MM,SE,0.7,N,
DATAFLOW,SPC:DF_CLIMATE_CHANGE(1.0),I,A,RAIN_ANOM,PG,1996,-2.8,,MM,SE,0.6,N,
DATAFLOW,SPC:DF_CLIMATE_CHANGE(1.0),I,A,RAIN_ANOM,PG,1997,-26.7,,MM,SE,0.9,N,
DATAFLOW,SPC:DF_CLIMATE_CHANGE(1.0),I,A,RAIN_ANOM,PG,1998,12.3,,MM,SE,0.6,N,
DATAFLOW,SPC:DF_CLIMATE_CHANGE(1.0),I,A,RAIN_ANOM,PG,1999,7.4,,MM,SE,0.6,N,
DATAFLOW,SPC:DF_CLIMATE_CHANGE(1.0),I,A,RAIN_ANOM,PG,2000,5.5,,MM,SE,0.6,N,
DATAFLOW,SPC:DF_CLIMATE_CHANGE(1.0),I,A,RAIN_ANOM,PG,2001,6,,MM,SE,0.9,N,
DATAFLOW,SPC:DF_CLIMATE_CHANGE(1.0),I,A,RAIN_ANOM,PG,2002,-5.4,,MM,SE,0.8,N,
DATAFLOW,SPC:DF_CLIMATE_CHANGE(1.0),I,A,RAIN_ANOM,PG,2003,1.2,,MM,SE,0.7,N,
DATAFLOW,SPC:DF_CLIMATE_CHANGE(1.0),I,A,RAIN_ANOM,PG,2004,-9.2,,MM,SE,0.8,N,
DATAFLOW,SPC:DF_CLIMATE_CHANGE(1.0),I,A,RAIN_ANOM,PG,2005,5.2,,MM,SE,0.8,N,
DATAFLOW,SPC:DF_CLIMATE_CHANGE(1.0),I,A,RAIN_ANOM,PG,2006,1.3,,MM,SE,0.9,N,
DATAFLOW,SPC:DF_CLIMATE_CHANGE(1.0),I,A,RAIN_ANOM,PG,2007,4.9,,MM,SE,0.6,N,
DATAFLOW,SPC:DF_CLIMATE_CHANGE(1.0),I,A,RAIN_ANOM,PG,2008,9.6,,MM,SE,0.6,N,
DATAFLOW,SPC:DF_CLIMATE_CHANGE(1.0),I,A,RAIN_ANOM,PG,2009,5.3,,MM,SE,0.8,N,
DATAFLOW,SPC:DF_CLIMATE_CHANGE(1.0),I,A,RAIN_ANOM,PG,2010,10.1,,MM,SE,0.4,N,
DATAFLOW,SPC:DF_CLIMATE_CHANGE(1.0),I,A,RAIN_ANOM,PG,2011,5.2,,MM,SE,0.6,N,
DATAFLOW,SPC:DF_CLIMATE_CHANGE(1.0),I,A,RAIN_ANOM,PG,2012,7.6,,MM,SE,0.6,N,
DATAFLOW,SPC:DF_CLIMATE_CHANGE(1.0),I,A,RAIN_ANOM,PG,2013,6.8,,MM,SE,0.7,N,
DATAFLOW,SPC:DF_CLIMATE_CHANGE(1.0),I,A,RAIN_ANOM,PG,2014,-2.1,,MM,SE,0.6,N,
DATAFLOW,SPC:DF_CLIMATE_CHANGE(1.0),I,A,RAIN_ANOM,PG,2015,-20.2,,MM,SE,0.8,N,
DATAFLOW,SPC:DF_CLIMATE_CHANGE(1.0),I,A,RAIN_ANOM,PG,2016,1.2,,MM,SE,0.6,N,
DATAFLOW,SPC:DF_CLIMATE_CHANGE(1.0),I,A,RAIN_ANOM,PG,2017,7,,MM,SE,0.5,N,
DATAFLOW,SPC:DF_CLIMATE_CHANGE(1.0),I,A,RAIN_ANOM,PG,2018,-3.4,,MM,SE,0.5,N,
DATAFLOW,SPC:DF_CLIMATE_CHANGE(1.0),I,A,RAIN_ANOM,PG,2019,22,,MM,SE,0.6,N,
DATAFLOW,SPC:DF_CLIMATE_CHANGE(1.0),I,A,RAIN_ANOM,PG,2020,-2.4,,MM,SE,0.6,N,
DATAFLOW,SPC:DF_CLIMATE_CHANGE(1.0),I,A,RAIN_ANOM,PG,2021,3.2,,MM,SE,0.5,N,
DATAFLOW,SPC:DF_CLIMATE_CHANGE(1.0),I,A,RAIN_ANOM,PG,2022,-6.4,,MM,SE,0.4,N,
DATAFLOW,SPC:DF_CLIMATE_CHANGE(1.0),I,A,RAIN_ANOM,PG,2023,0.2,,MM,SE,0.6,N,
DATAFLOW,SPC:DF_CLIMATE_CHANGE(1.0),I,A,RAIN_ANOM,PG,2024,2.8,,MM,SE,0.6,N,
DATAFLOW,SPC:DF_CLIMATE_CHANGE(1.0),I,A,RAIN_ANOM,PG,2025,11.5,,MM,SE,0.6,N,
DATAFLOW,SPC:DF_CLIMATE_CHANGE(1.0),I,A,RAIN_ANOM,PW,1979,-17.6,,MM,SE,1.1,N,
DATAFLOW,SPC:DF_CLIMATE_CHANGE(1.0),I,A,RAIN_ANOM,PW,1980,-12.2,,MM,SE,0.8,N,
DATAFLOW,SPC:DF_CLIMATE_CHANGE(1.0),I,A,RAIN_ANOM,PW,1981,-10.4,,MM,SE,1,N,
DATAFLOW,SPC:DF_CLIMATE_CHANGE(1.0),I,A,RAIN_ANOM,PW,1982,-23.1,,MM,SE,0.8,N,
DATAFLOW,SPC:DF_CLIMATE_CHANGE(1.0),I,A,RAIN_ANOM,PW,1983,-29.4,,MM,SE,1.3,N,
DATAFLOW,SPC:DF_CLIMATE_CHANGE(1.0),I,A,RAIN_ANOM,PW,1984,14.3,,MM,SE,1.4,N,
DATAFLOW,SPC:DF_CLIMATE_CHANGE(1.0),I,A,RAIN_ANOM,PW,1985,13.9,,MM,SE,1,N,
DATAFLOW,SPC:DF_CLIMATE_CHANGE(1.0),I,A,RAIN_ANOM,PW,1986,-3.9,,MM,SE,0.9,N,
DATAFLOW,SPC:DF_CLIMATE_CHANGE(1.0),I,A,RAIN_ANOM,PW,1987,-18.5,,MM,SE,1.3,N,
DATAFLOW,SPC:DF_CLIMATE_CHANGE(1.0),I,A,RAIN_ANOM,PW,1988,-3,,MM,SE,1.2,N,
DATAFLOW,SPC:DF_CLIMATE_CHANGE(1.0),I,A,RAIN_ANOM,PW,1989,-10.6,,MM,SE,0.6,N,
DATAFLOW,SPC:DF_CLIMATE_CHANGE(1.0),I,A,RAIN_ANOM,PW,1990,-14.5,,MM,SE,1.2,N,
DATAFLOW,SPC:DF_CLIMATE_CHANGE(1.0),I,A,RAIN_ANOM,PW,1991,-12.6,,MM,SE,1.2,N,
DATAFLOW,SPC:DF_CLIMATE_CHANGE(1.0),I,A,RAIN_ANOM,PW,1992,-19.2,,MM,SE,1.3,N,
DATAFLOW,SPC:DF_CLIMATE_CHANGE(1.0),I,A,RAIN_ANOM,PW,1993,5.2,,MM,SE,0.8,N,
DATAFLOW,SPC:DF_CLIMATE_CHANGE(1.0),I,A,RAIN_ANOM,PW,1994,3.3,,MM,SE,1.2,N,
DATAFLOW,SPC:DF_CLIMATE_CHANGE(1.0),I,A,RAIN_ANOM,PW,1995,3.3,,MM,SE,1,N,
DATAFLOW,SPC:DF_CLIMATE_CHANGE(1.0),I,A,RAIN_ANOM,PW,1996,2.7,,MM,SE,0.7,N,
DATAFLOW,SPC:DF_CLIMATE_CHANGE(1.0),I,A,RAIN_ANOM,PW,1997,-25.4,,MM,SE,1,N,
DATAFLOW,SPC:DF_CLIMATE_CHANGE(1.0),I,A,RAIN_ANOM,PW,1998,-22.5,,MM,SE,1.1,N,
DATAFLOW,SPC:DF_CLIMATE_CHANGE(1.0),I,A,RAIN_ANOM,PW,1999,17.2,,MM,SE,0.8,N,
DATAFLOW,SPC:DF_CLIMATE_CHANGE(1.0),I,A,RAIN_ANOM,PW,2000,19.8,,MM,SE,1.1,N,
DATAFLOW,SPC:DF_CLIMATE_CHANGE(1.0),I,A,RAIN_ANOM,PW,2001,13.6,,MM,SE,1.1,N,
DATAFLOW,SPC:DF_CLIMATE_CHANGE(1.0),I,A,RAIN_ANOM,PW,2002,-11.7,,MM,SE,1.2,N,
DATAFLOW,SPC:DF_CLIMATE_CHANGE(1.0),I,A,RAIN_ANOM,PW,2003,-1.2,,MM,SE,1,N,
DATAFLOW,SPC:DF_CLIMATE_CHANGE(1.0),I,A,RAIN_ANOM,PW,2004,-6.6,,MM,SE,0.9,N,
DATAFLOW,SPC:DF_CLIMATE_CHANGE(1.0),I,A,RAIN_ANOM,PW,2005,7.6,,MM,SE,1.4,N,
DATAFLOW,SPC:DF_CLIMATE_CHANGE(1.0),I,A,RAIN_ANOM,PW,2006,1.5,,MM,SE,1.1,N,
DATAFLOW,SPC:DF_CLIMATE_CHANGE(1.0),I,A,RAIN_ANOM,PW,2007,-8.8,,MM,SE,0.7,N,
DATAFLOW,SPC:DF_CLIMATE_CHANGE(1.0),I,A,RAIN_ANOM,PW,2008,-1.1,,MM,SE,0.8,N,
DATAFLOW,SPC:DF_CLIMATE_CHANGE(1.0),I,A,RAIN_ANOM,PW,2009,20.5,,MM,SE,1.5,N,
DATAFLOW,SPC:DF_CLIMATE_CHANGE(1.0),I,A,RAIN_ANOM,PW,2010,-20.3,,MM,SE,0.9,N,
DATAFLOW,SPC:DF_CLIMATE_CHANGE(1.0),I,A,RAIN_ANOM,PW,2011,31.6,,MM,SE,1.1,N,
DATAFLOW,SPC:DF_CLIMATE_CHANGE(1.0),I,A,RAIN_ANOM,PW,2012,13.5,,MM,SE,1.3,N,
DATAFLOW,SPC:DF_CLIMATE_CHANGE(1.0),I,A,RAIN_ANOM,PW,2013,0.6,,MM,SE,1.1,N,
DATAFLOW,SPC:DF_CLIMATE_CHANGE(1.0),I,A,RAIN_ANOM,PW,2014,21.1,,MM,SE,1.3,N,
DATAFLOW,SPC:DF_CLIMATE_CHANGE(1.0),I,A,RAIN_ANOM,PW,2015,-25,,MM,SE,0.9,N,
DATAFLOW,SPC:DF_CLIMATE_CHANGE(1.0),I,A,RAIN_ANOM,PW,2016,-6.3,,MM,SE,1.2,N,
DATAFLOW,SPC:DF_CLIMATE_CHANGE(1.0),I,A,RAIN_ANOM,PW,2017,15.6,,MM,SE,1,N,
DATAFLOW,SPC:DF_CLIMATE_CHANGE(1.0),I,A,RAIN_ANOM,PW,2018,-8.4,,MM,SE,1,N,
DATAFLOW,SPC:DF_CLIMATE_CHANGE(1.0),I,A,RAIN_ANOM,PW,2019,-9.1,,MM,SE,0.7,N,
DATAFLOW,SPC:DF_CLIMATE_CHANGE(1.0),I,A,RAIN_ANOM,PW,2020,1,,MM,SE,1,N,
DATAFLOW,SPC:DF_CLIMATE_CHANGE(1.0),I,A,RAIN_ANOM,PW,2021,15.3,,MM,SE,1,N,
DATAFLOW,SPC:DF_CLIMATE_CHANGE(1.0),I,A,RAIN_ANOM,PW,2022,9.3,,MM,SE,0.9,N,
DATAFLOW,SPC:DF_CLIMATE_CHANGE(1.0),I,A,RAIN_ANOM,PW,2023,7.9,,MM,SE,1.4,N,
DATAFLOW,SPC:DF_CLIMATE_CHANGE(1.0),I,A,RAIN_ANOM,PW,2024,-0.7,,MM,SE,0.9,N,
DATAFLOW,SPC:DF_CLIMATE_CHANGE(1.0),I,A,RAIN_ANOM,PW,2025,9.7,,MM,SE,0.8,N,
DATAFLOW,SPC:DF_CLIMATE_CHANGE(1.0),I,A,RAIN_ANOM,WS,1979,-19.5,,MM,SE,0.6,N,
DATAFLOW,SPC:DF_CLIMATE_CHANGE(1.0),I,A,RAIN_ANOM,WS,1980,-8.4,,MM,SE,0.5,N,
DATAFLOW,SPC:DF_CLIMATE_CHANGE(1.0),I,A,RAIN_ANOM,WS,1981,0.2,,MM,SE,0.8,N,
DATAFLOW,SPC:DF_CLIMATE_CHANGE(1.0),I,A,RAIN_ANOM,WS,1982,-9.8,,MM,SE,1.1,N,
DATAFLOW,SPC:DF_CLIMATE_CHANGE(1.0),I,A,RAIN_ANOM,WS,1983,-19.6,,MM,SE,0.8,N,
DATAFLOW,SPC:DF_CLIMATE_CHANGE(1.0),I,A,RAIN_ANOM,WS,1984,0.9,,MM,SE,1,N,
DATAFLOW,SPC:DF_CLIMATE_CHANGE(1.0),I,A,RAIN_ANOM,WS,1985,-7.5,,MM,SE,0.7,N,
DATAFLOW,SPC:DF_CLIMATE_CHANGE(1.0),I,A,RAIN_ANOM,WS,1986,-5.5,,MM,SE,0.8,N,
DATAFLOW,SPC:DF_CLIMATE_CHANGE(1.0),I,A,RAIN_ANOM,WS,1987,-8.2,,MM,SE,1,N,
DATAFLOW,SPC:DF_CLIMATE_CHANGE(1.0),I,A,RAIN_ANOM,WS,1988,10.4,,MM,SE,0.9,N,
DATAFLOW,SPC:DF_CLIMATE_CHANGE(1.0),I,A,RAIN_ANOM,WS,1989,-17.3,,MM,SE,1.1,N,
DATAFLOW,SPC:DF_CLIMATE_CHANGE(1.0),I,A,RAIN_ANOM,WS,1990,2.8,,MM,SE,1.6,N,
DATAFLOW,SPC:DF_CLIMATE_CHANGE(1.0),I,A,RAIN_ANOM,WS,1991,-8,,MM,SE,0.9,N,
DATAFLOW,SPC:DF_CLIMATE_CHANGE(1.0),I,A,RAIN_ANOM,WS,1992,-4.8,,MM,SE,0.8,N,
DATAFLOW,SPC:DF_CLIMATE_CHANGE(1.0),I,A,RAIN_ANOM,WS,1993,3.3,,MM,SE,0.9,N,
DATAFLOW,SPC:DF_CLIMATE_CHANGE(1.0),I,A,RAIN_ANOM,WS,1994,3.9,,MM,SE,1,N,
DATAFLOW,SPC:DF_CLIMATE_CHANGE(1.0),I,A,RAIN_ANOM,WS,1995,3,,MM,SE,0.7,N,
DATAFLOW,SPC:DF_CLIMATE_CHANGE(1.0),I,A,RAIN_ANOM,WS,1996,-6.7,,MM,SE,1,N,
DATAFLOW,SPC:DF_CLIMATE_CHANGE(1.0),I,A,RAIN_ANOM,WS,1997,1.1,,MM,SE,1.2,N,
DATAFLOW,SPC:DF_CLIMATE_CHANGE(1.0),I,A,RAIN_ANOM,WS,1998,-21.2,,MM,SE,1.1,N,
DATAFLOW,SPC:DF_CLIMATE_CHANGE(1.0),I,A,RAIN_ANOM,WS,1999,0,,MM,SE,1.1,N,
DATAFLOW,SPC:DF_CLIMATE_CHANGE(1.0),I,A,RAIN_ANOM,WS,2000,-2.8,,MM,SE,0.7,N,
DATAFLOW,SPC:DF_CLIMATE_CHANGE(1.0),I,A,RAIN_ANOM,WS,2001,1.2,,MM,SE,0.8,N,
DATAFLOW,SPC:DF_CLIMATE_CHANGE(1.0),I,A,RAIN_ANOM,WS,2002,-2.4,,MM,SE,0.6,N,
DATAFLOW,SPC:DF_CLIMATE_CHANGE(1.0),I,A,RAIN_ANOM,WS,2003,-5.6,,MM,SE,0.7,N,
DATAFLOW,SPC:DF_CLIMATE_CHANGE(1.0),I,A,RAIN_ANOM,WS,2004,-7,,MM,SE,0.6,N,
DATAFLOW,SPC:DF_CLIMATE_CHANGE(1.0),I,A,RAIN_ANOM,WS,2005,-5.1,,MM,SE,0.7,N,
DATAFLOW,SPC:DF_CLIMATE_CHANGE(1.0),I,A,RAIN_ANOM,WS,2006,14.9,,MM,SE,1.8,N,
DATAFLOW,SPC:DF_CLIMATE_CHANGE(1.0),I,A,RAIN_ANOM,WS,2007,6.3,,MM,SE,0.9,N,
DATAFLOW,SPC:DF_CLIMATE_CHANGE(1.0),I,A,RAIN_ANOM,WS,2008,-11.1,,MM,SE,0.9,N,
DATAFLOW,SPC:DF_CLIMATE_CHANGE(1.0),I,A,RAIN_ANOM,WS,2009,-9.4,,MM,SE,0.8,N,
DATAFLOW,SPC:DF_CLIMATE_CHANGE(1.0),I,A,RAIN_ANOM,WS,2010,-1.9,,MM,SE,0.9,N,
DATAFLOW,SPC:DF_CLIMATE_CHANGE(1.0),I,A,RAIN_ANOM,WS,2011,-11.1,,MM,SE,1.7,N,
DATAFLOW,SPC:DF_CLIMATE_CHANGE(1.0),I,A,RAIN_ANOM,WS,2012,-6.9,,MM,SE,1,N,
DATAFLOW,SPC:DF_CLIMATE_CHANGE(1.0),I,A,RAIN_ANOM,WS,2013,7.6,,MM,SE,1.1,N,
DATAFLOW,SPC:DF_CLIMATE_CHANGE(1.0),I,A,RAIN_ANOM,WS,2014,0,,MM,SE,1,N,
DATAFLOW,SPC:DF_CLIMATE_CHANGE(1.0),I,A,RAIN_ANOM,WS,2015,0.7,,MM,SE,0.9,N,
DATAFLOW,SPC:DF_CLIMATE_CHANGE(1.0),I,A,RAIN_ANOM,WS,2016,0.3,,MM,SE,1.3,N,
DATAFLOW,SPC:DF_CLIMATE_CHANGE(1.0),I,A,RAIN_ANOM,WS,2017,12.6,,MM,SE,1.2,N,
DATAFLOW,SPC:DF_CLIMATE_CHANGE(1.0),I,A,RAIN_ANOM,WS,2018,1.3,,MM,SE,1,N,
DATAFLOW,SPC:DF_CLIMATE_CHANGE(1.0),I,A,RAIN_ANOM,WS,2019,20.4,,MM,SE,1,N,
DATAFLOW,SPC:DF_CLIMATE_CHANGE(1.0),I,A,RAIN_ANOM,WS,2020,27.3,,MM,SE,1.5,N,
DATAFLOW,SPC:DF_CLIMATE_CHANGE(1.0),I,A,RAIN_ANOM,WS,2021,-18.1,,MM,SE,1,N,
DATAFLOW,SPC:DF_CLIMATE_CHANGE(1.0),I,A,RAIN_ANOM,WS,2022,-20.7,,MM,SE,0.8,N,
DATAFLOW,SPC:DF_CLIMATE_CHANGE(1.0),I,A,RAIN_ANOM,WS,2023,-3.2,,MM,SE,0.9,N,
DATAFLOW,SPC:DF_CLIMATE_CHANGE(1.0),I,A,RAIN_ANOM,WS,2024,-1.8,,MM,SE,0.9,N,
DATAFLOW,SPC:DF_CLIMATE_CHANGE(1.0),I,A,RAIN_ANOM,WS,2025,13.9,,MM,SE,1.3,N,
DATAFLOW,SPC:DF_CLIMATE_CHANGE(1.0),I,A,RAIN_ANOM,AS,1979,-16.4,,MM,SE,0.6,N,
DATAFLOW,SPC:DF_CLIMATE_CHANGE(1.0),I,A,RAIN_ANOM,AS,1980,-10.2,,MM,SE,0.5,N,
DATAFLOW,SPC:DF_CLIMATE_CHANGE(1.0),I,A,RAIN_ANOM,AS,1981,0.7,,MM,SE,0.8,N,
DATAFLOW,SPC:DF_CLIMATE_CHANGE(1.0),I,A,RAIN_ANOM,AS,1982,-13.2,,MM,SE,1,N,
DATAFLOW,SPC:DF_CLIMATE_CHANGE(1.0),I,A,RAIN_ANOM,AS,1983,-16.6,,MM,SE,0.8,N,
DATAFLOW,SPC:DF_CLIMATE_CHANGE(1.0),I,A,RAIN_ANOM,AS,1984,2.5,,MM,SE,1,N,
DATAFLOW,SPC:DF_CLIMATE_CHANGE(1.0),I,A,RAIN_ANOM,AS,1985,-7.7,,MM,SE,0.7,N,
DATAFLOW,SPC:DF_CLIMATE_CHANGE(1.0),I,A,RAIN_ANOM,AS,1986,-5.5,,MM,SE,0.8,N,
DATAFLOW,SPC:DF_CLIMATE_CHANGE(1.0),I,A,RAIN_ANOM,AS,1987,-4,,MM,SE,1,N,
DATAFLOW,SPC:DF_CLIMATE_CHANGE(1.0),I,A,RAIN_ANOM,AS,1988,9.4,,MM,SE,0.9,N,
DATAFLOW,SPC:DF_CLIMATE_CHANGE(1.0),I,A,RAIN_ANOM,AS,1989,-13.5,,MM,SE,1,N,
DATAFLOW,SPC:DF_CLIMATE_CHANGE(1.0),I,A,RAIN_ANOM,AS,1990,-0.3,,MM,SE,1.6,N,
DATAFLOW,SPC:DF_CLIMATE_CHANGE(1.0),I,A,RAIN_ANOM,AS,1991,-11.1,,MM,SE,0.8,N,
DATAFLOW,SPC:DF_CLIMATE_CHANGE(1.0),I,A,RAIN_ANOM,AS,1992,-9.2,,MM,SE,0.7,N,
DATAFLOW,SPC:DF_CLIMATE_CHANGE(1.0),I,A,RAIN_ANOM,AS,1993,2.1,,MM,SE,0.7,N,
DATAFLOW,SPC:DF_CLIMATE_CHANGE(1.0),I,A,RAIN_ANOM,AS,1994,6.7,,MM,SE,0.9,N,
DATAFLOW,SPC:DF_CLIMATE_CHANGE(1.0),I,A,RAIN_ANOM,AS,1995,8.6,,MM,SE,0.7,N,
DATAFLOW,SPC:DF_CLIMATE_CHANGE(1.0),I,A,RAIN_ANOM,AS,1996,-5.2,,MM,SE,1.1,N,
DATAFLOW,SPC:DF_CLIMATE_CHANGE(1.0),I,A,RAIN_ANOM,AS,1997,0.8,,MM,SE,1.3,N,
DATAFLOW,SPC:DF_CLIMATE_CHANGE(1.0),I,A,RAIN_ANOM,AS,1998,-18.9,,MM,SE,1,N,
DATAFLOW,SPC:DF_CLIMATE_CHANGE(1.0),I,A,RAIN_ANOM,AS,1999,-4.6,,MM,SE,1,N,
DATAFLOW,SPC:DF_CLIMATE_CHANGE(1.0),I,A,RAIN_ANOM,AS,2000,-8.3,,MM,SE,0.7,N,
DATAFLOW,SPC:DF_CLIMATE_CHANGE(1.0),I,A,RAIN_ANOM,AS,2001,0.6,,MM,SE,0.8,N,
DATAFLOW,SPC:DF_CLIMATE_CHANGE(1.0),I,A,RAIN_ANOM,AS,2002,-6.9,,MM,SE,0.6,N,
DATAFLOW,SPC:DF_CLIMATE_CHANGE(1.0),I,A,RAIN_ANOM,AS,2003,2.5,,MM,SE,0.7,N,
DATAFLOW,SPC:DF_CLIMATE_CHANGE(1.0),I,A,RAIN_ANOM,AS,2004,-7,,MM,SE,0.8,N,
DATAFLOW,SPC:DF_CLIMATE_CHANGE(1.0),I,A,RAIN_ANOM,AS,2005,-0.3,,MM,SE,0.9,N,
DATAFLOW,SPC:DF_CLIMATE_CHANGE(1.0),I,A,RAIN_ANOM,AS,2006,11.3,,MM,SE,1.6,N,
DATAFLOW,SPC:DF_CLIMATE_CHANGE(1.0),I,A,RAIN_ANOM,AS,2007,10.7,,MM,SE,1.1,N,
DATAFLOW,SPC:DF_CLIMATE_CHANGE(1.0),I,A,RAIN_ANOM,AS,2008,-10.9,,MM,SE,0.9,N,
DATAFLOW,SPC:DF_CLIMATE_CHANGE(1.0),I,A,RAIN_ANOM,AS,2009,-11.1,,MM,SE,0.7,N,
DATAFLOW,SPC:DF_CLIMATE_CHANGE(1.0),I,A,RAIN_ANOM,AS,2010,1.6,,MM,SE,1.1,N,
DATAFLOW,SPC:DF_CLIMATE_CHANGE(1.0),I,A,RAIN_ANOM,AS,2011,-11.2,,MM,SE,1.6,N,
DATAFLOW,SPC:DF_CLIMATE_CHANGE(1.0),I,A,RAIN_ANOM,AS,2012,-7.9,,MM,SE,0.9,N,
DATAFLOW,SPC:DF_CLIMATE_CHANGE(1.0),I,A,RAIN_ANOM,AS,2013,4.9,,MM,SE,1.2,N,
DATAFLOW,SPC:DF_CLIMATE_CHANGE(1.0),I,A,RAIN_ANOM,AS,2014,1,,MM,SE,1.1,N,
DATAFLOW,SPC:DF_CLIMATE_CHANGE(1.0),I,A,RAIN_ANOM,AS,2015,5.7,,MM,SE,1,N,
DATAFLOW,SPC:DF_CLIMATE_CHANGE(1.0),I,A,RAIN_ANOM,AS,2016,5.2,,MM,SE,1.2,N,
DATAFLOW,SPC:DF_CLIMATE_CHANGE(1.0),I,A,RAIN_ANOM,AS,2017,8.2,,MM,SE,1,N,
DATAFLOW,SPC:DF_CLIMATE_CHANGE(1.0),I,A,RAIN_ANOM,AS,2018,0.8,,MM,SE,1.2,N,
DATAFLOW,SPC:DF_CLIMATE_CHANGE(1.0),I,A,RAIN_ANOM,AS,2019,21.2,,MM,SE,0.9,N,
DATAFLOW,SPC:DF_CLIMATE_CHANGE(1.0),I,A,RAIN_ANOM,AS,2020,20.8,,MM,SE,1.6,N,
DATAFLOW,SPC:DF_CLIMATE_CHANGE(1.0),I,A,RAIN_ANOM,AS,2021,-24.7,,MM,SE,0.7,N,
DATAFLOW,SPC:DF_CLIMATE_CHANGE(1.0),I,A,RAIN_ANOM,AS,2022,-22.5,,MM,SE,1,N,
DATAFLOW,SPC:DF_CLIMATE_CHANGE(1.0),I,A,RAIN_ANOM,AS,2023,-3.2,,MM,SE,1.1,N,
DATAFLOW,SPC:DF_CLIMATE_CHANGE(1.0),I,A,RAIN_ANOM,AS,2024,2.9,,MM,SE,1,N,
DATAFLOW,SPC:DF_CLIMATE_CHANGE(1.0),I,A,RAIN_ANOM,AS,2025,11.7,,MM,SE,1.3,N,
DATAFLOW,SPC:DF_CLIMATE_CHANGE(1.0),I,A,RAIN_ANOM,TV,1979,-6.4,,MM,SE,0.9,N,
DATAFLOW,SPC:DF_CLIMATE_CHANGE(1.0),I,A,RAIN_ANOM,TV,1980,-1.6,,MM,SE,0.8,N,
DATAFLOW,SPC:DF_CLIMATE_CHANGE(1.0),I,A,RAIN_ANOM,TV,1981,-7.6,,MM,SE,1.2,N,
DATAFLOW,SPC:DF_CLIMATE_CHANGE(1.0),I,A,RAIN_ANOM,TV,1982,4.3,,MM,SE,0.9,N,
DATAFLOW,SPC:DF_CLIMATE_CHANGE(1.0),I,A,RAIN_ANOM,TV,1983,14.1,,MM,SE,1.3,N,
DATAFLOW,SPC:DF_CLIMATE_CHANGE(1.0),I,A,RAIN_ANOM,TV,1984,-4.9,,MM,SE,0.8,N,
DATAFLOW,SPC:DF_CLIMATE_CHANGE(1.0),I,A,RAIN_ANOM,TV,1985,-5.8,,MM,SE,1.3,N,
DATAFLOW,SPC:DF_CLIMATE_CHANGE(1.0),I,A,RAIN_ANOM,TV,1986,-0.5,,MM,SE,1.1,N,
DATAFLOW,SPC:DF_CLIMATE_CHANGE(1.0),I,A,RAIN_ANOM,TV,1987,37.3,,MM,SE,0.8,N,
DATAFLOW,SPC:DF_CLIMATE_CHANGE(1.0),I,A,RAIN_ANOM,TV,1988,2.7,,MM,SE,1,N,
DATAFLOW,SPC:DF_CLIMATE_CHANGE(1.0),I,A,RAIN_ANOM,TV,1989,-15.3,,MM,SE,0.8,N,
DATAFLOW,SPC:DF_CLIMATE_CHANGE(1.0),I,A,RAIN_ANOM,TV,1990,-2.3,,MM,SE,1.4,N,
DATAFLOW,SPC:DF_CLIMATE_CHANGE(1.0),I,A,RAIN_ANOM,TV,1991,-1.6,,MM,SE,0.9,N,
DATAFLOW,SPC:DF_CLIMATE_CHANGE(1.0),I,A,RAIN_ANOM,TV,1992,10.7,,MM,SE,1,N,
DATAFLOW,SPC:DF_CLIMATE_CHANGE(1.0),I,A,RAIN_ANOM,TV,1993,24.6,,MM,SE,0.7,N,
DATAFLOW,SPC:DF_CLIMATE_CHANGE(1.0),I,A,RAIN_ANOM,TV,1994,10.2,,MM,SE,0.7,N,
DATAFLOW,SPC:DF_CLIMATE_CHANGE(1.0),I,A,RAIN_ANOM,TV,1995,8.5,,MM,SE,0.8,N,
DATAFLOW,SPC:DF_CLIMATE_CHANGE(1.0),I,A,RAIN_ANOM,TV,1996,-13.2,,MM,SE,0.7,N,
DATAFLOW,SPC:DF_CLIMATE_CHANGE(1.0),I,A,RAIN_ANOM,TV,1997,21.7,,MM,SE,1.4,N,
DATAFLOW,SPC:DF_CLIMATE_CHANGE(1.0),I,A,RAIN_ANOM,TV,1998,25.5,,MM,SE,1.2,N,
DATAFLOW,SPC:DF_CLIMATE_CHANGE(1.0),I,A,RAIN_ANOM,TV,1999,-35.6,,MM,SE,0.5,N,
DATAFLOW,SPC:DF_CLIMATE_CHANGE(1.0),I,A,RAIN_ANOM,TV,2000,-34.5,,MM,SE,0.3,N,
DATAFLOW,SPC:DF_CLIMATE_CHANGE(1.0),I,A,RAIN_ANOM,TV,2001,-12.8,,MM,SE,0.7,N,
DATAFLOW,SPC:DF_CLIMATE_CHANGE(1.0),I,A,RAIN_ANOM,TV,2002,6.8,,MM,SE,1,N,
DATAFLOW,SPC:DF_CLIMATE_CHANGE(1.0),I,A,RAIN_ANOM,TV,2003,7.3,,MM,SE,0.9,N,
DATAFLOW,SPC:DF_CLIMATE_CHANGE(1.0),I,A,RAIN_ANOM,TV,2004,2.3,,MM,SE,1,N,
DATAFLOW,SPC:DF_CLIMATE_CHANGE(1.0),I,A,RAIN_ANOM,TV,2005,-1.7,,MM,SE,1.1,N,
DATAFLOW,SPC:DF_CLIMATE_CHANGE(1.0),I,A,RAIN_ANOM,TV,2006,-2.7,,MM,SE,0.9,N,
DATAFLOW,SPC:DF_CLIMATE_CHANGE(1.0),I,A,RAIN_ANOM,TV,2007,3.7,,MM,SE,1,N,
DATAFLOW,SPC:DF_CLIMATE_CHANGE(1.0),I,A,RAIN_ANOM,TV,2008,-29.7,,MM,SE,0.9,N,
DATAFLOW,SPC:DF_CLIMATE_CHANGE(1.0),I,A,RAIN_ANOM,TV,2009,-4.3,,MM,SE,0.7,N,
DATAFLOW,SPC:DF_CLIMATE_CHANGE(1.0),I,A,RAIN_ANOM,TV,2010,-8,,MM,SE,1.5,N,
DATAFLOW,SPC:DF_CLIMATE_CHANGE(1.0),I,A,RAIN_ANOM,TV,2011,-41.5,,MM,SE,0.9,N,
DATAFLOW,SPC:DF_CLIMATE_CHANGE(1.0),I,A,RAIN_ANOM,TV,2012,-8,,MM,SE,0.7,N,
DATAFLOW,SPC:DF_CLIMATE_CHANGE(1.0),I,A,RAIN_ANOM,TV,2013,8.5,,MM,SE,1.3,N,
DATAFLOW,SPC:DF_CLIMATE_CHANGE(1.0),I,A,RAIN_ANOM,TV,2014,-3.7,,MM,SE,0.9,N,
DATAFLOW,SPC:DF_CLIMATE_CHANGE(1.0),I,A,RAIN_ANOM,TV,2015,29.4,,MM,SE,1,N,
DATAFLOW,SPC:DF_CLIMATE_CHANGE(1.0),I,A,RAIN_ANOM,TV,2016,5.9,,MM,SE,1.1,N,
DATAFLOW,SPC:DF_CLIMATE_CHANGE(1.0),I,A,RAIN_ANOM,TV,2017,-1.6,,MM,SE,0.8,N,
DATAFLOW,SPC:DF_CLIMATE_CHANGE(1.0),I,A,RAIN_ANOM,TV,2018,-9,,MM,SE,1.4,N,
DATAFLOW,SPC:DF_CLIMATE_CHANGE(1.0),I,A,RAIN_ANOM,TV,2019,37.7,,MM,SE,1.3,N,
DATAFLOW,SPC:DF_CLIMATE_CHANGE(1.0),I,A,RAIN_ANOM,TV,2020,5.2,,MM,SE,1.3,N,
DATAFLOW,SPC:DF_CLIMATE_CHANGE(1.0),I,A,RAIN_ANOM,TV,2021,-15.2,,MM,SE,1,N,
DATAFLOW,SPC:DF_CLIMATE_CHANGE(1.0),I,A,RAIN_ANOM,TV,2022,-35.8,,MM,SE,1,N,
DATAFLOW,SPC:DF_CLIMATE_CHANGE(1.0),I,A,RAIN_ANOM,TV,2023,-12,,MM,SE,0.8,N,
DATAFLOW,SPC:DF_CLIMATE_CHANGE(1.0),I,A,RAIN_ANOM,TV,2024,4.5,,MM,SE,0.8,N,
DATAFLOW,SPC:DF_CLIMATE_CHANGE(1.0),I,A,RAIN_ANOM,TV,2025,-15.6,,MM,SE,0.5,N,
DATAFLOW,SPC:DF_CLIMATE_CHANGE(1.0),I,A,RAIN_ANOM,CK,1979,-7.4,,MM,SE,0.5,N,
DATAFLOW,SPC:DF_CLIMATE_CHANGE(1.0),I,A,RAIN_ANOM,CK,1980,-4.7,,MM,SE,0.6,N,
DATAFLOW,SPC:DF_CLIMATE_CHANGE(1.0),I,A,RAIN_ANOM,CK,1981,5.5,,MM,SE,0.8,N,
DATAFLOW,SPC:DF_CLIMATE_CHANGE(1.0),I,A,RAIN_ANOM,CK,1982,-18.8,,MM,SE,0.5,N,
DATAFLOW,SPC:DF_CLIMATE_CHANGE(1.0),I,A,RAIN_ANOM,CK,1983,-11.2,,MM,SE,0.5,N,
DATAFLOW,SPC:DF_CLIMATE_CHANGE(1.0),I,A,RAIN_ANOM,CK,1984,6.8,,MM,SE,0.7,N,
DATAFLOW,SPC:DF_CLIMATE_CHANGE(1.0),I,A,RAIN_ANOM,CK,1985,0.1,,MM,SE,0.8,N,
DATAFLOW,SPC:DF_CLIMATE_CHANGE(1.0),I,A,RAIN_ANOM,CK,1986,-6.3,,MM,SE,0.6,N,
DATAFLOW,SPC:DF_CLIMATE_CHANGE(1.0),I,A,RAIN_ANOM,CK,1987,0.5,,MM,SE,0.6,N,
DATAFLOW,SPC:DF_CLIMATE_CHANGE(1.0),I,A,RAIN_ANOM,CK,1988,22.2,,MM,SE,1,N,
DATAFLOW,SPC:DF_CLIMATE_CHANGE(1.0),I,A,RAIN_ANOM,CK,1989,-11.6,,MM,SE,0.5,N,
DATAFLOW,SPC:DF_CLIMATE_CHANGE(1.0),I,A,RAIN_ANOM,CK,1990,-4.7,,MM,SE,1.1,N,
DATAFLOW,SPC:DF_CLIMATE_CHANGE(1.0),I,A,RAIN_ANOM,CK,1991,-9.9,,MM,SE,0.6,N,
DATAFLOW,SPC:DF_CLIMATE_CHANGE(1.0),I,A,RAIN_ANOM,CK,1992,-6,,MM,SE,0.7,N,
DATAFLOW,SPC:DF_CLIMATE_CHANGE(1.0),I,A,RAIN_ANOM,CK,1993,0.5,,MM,SE,0.6,N,
DATAFLOW,SPC:DF_CLIMATE_CHANGE(1.0),I,A,RAIN_ANOM,CK,1994,-1.4,,MM,SE,0.6,N,
DATAFLOW,SPC:DF_CLIMATE_CHANGE(1.0),I,A,RAIN_ANOM,CK,1995,6.7,,MM,SE,0.7,N,
DATAFLOW,SPC:DF_CLIMATE_CHANGE(1.0),I,A,RAIN_ANOM,CK,1996,2.3,,MM,SE,1.1,N,
DATAFLOW,SPC:DF_CLIMATE_CHANGE(1.0),I,A,RAIN_ANOM,CK,1997,-4.1,,MM,SE,0.7,N,
DATAFLOW,SPC:DF_CLIMATE_CHANGE(1.0),I,A,RAIN_ANOM,CK,1998,-5.8,,MM,SE,0.6,N,
DATAFLOW,SPC:DF_CLIMATE_CHANGE(1.0),I,A,RAIN_ANOM,CK,1999,1.3,,MM,SE,0.7,N,
DATAFLOW,SPC:DF_CLIMATE_CHANGE(1.0),I,A,RAIN_ANOM,CK,2000,-13.9,,MM,SE,0.5,N,
DATAFLOW,SPC:DF_CLIMATE_CHANGE(1.0),I,A,RAIN_ANOM,CK,2001,3.6,,MM,SE,0.6,N,
DATAFLOW,SPC:DF_CLIMATE_CHANGE(1.0),I,A,RAIN_ANOM,CK,2002,-8.3,,MM,SE,0.6,N,
DATAFLOW,SPC:DF_CLIMATE_CHANGE(1.0),I,A,RAIN_ANOM,CK,2003,12.4,,MM,SE,1,N,
DATAFLOW,SPC:DF_CLIMATE_CHANGE(1.0),I,A,RAIN_ANOM,CK,2004,2,,MM,SE,0.7,N,
DATAFLOW,SPC:DF_CLIMATE_CHANGE(1.0),I,A,RAIN_ANOM,CK,2005,12.4,,MM,SE,1.4,N,
DATAFLOW,SPC:DF_CLIMATE_CHANGE(1.0),I,A,RAIN_ANOM,CK,2006,3.5,,MM,SE,0.7,N,
DATAFLOW,SPC:DF_CLIMATE_CHANGE(1.0),I,A,RAIN_ANOM,CK,2007,4,,MM,SE,0.9,N,
DATAFLOW,SPC:DF_CLIMATE_CHANGE(1.0),I,A,RAIN_ANOM,CK,2008,-7.3,,MM,SE,0.8,N,
DATAFLOW,SPC:DF_CLIMATE_CHANGE(1.0),I,A,RAIN_ANOM,CK,2009,-3.8,,MM,SE,0.5,N,
DATAFLOW,SPC:DF_CLIMATE_CHANGE(1.0),I,A,RAIN_ANOM,CK,2010,0.7,,MM,SE,1,N,
DATAFLOW,SPC:DF_CLIMATE_CHANGE(1.0),I,A,RAIN_ANOM,CK,2011,-14.2,,MM,SE,0.7,N,
DATAFLOW,SPC:DF_CLIMATE_CHANGE(1.0),I,A,RAIN_ANOM,CK,2012,-1.1,,MM,SE,0.7,N,
DATAFLOW,SPC:DF_CLIMATE_CHANGE(1.0),I,A,RAIN_ANOM,CK,2013,-3.4,,MM,SE,0.8,N,
DATAFLOW,SPC:DF_CLIMATE_CHANGE(1.0),I,A,RAIN_ANOM,CK,2014,3.1,,MM,SE,1,N,
DATAFLOW,SPC:DF_CLIMATE_CHANGE(1.0),I,A,RAIN_ANOM,CK,2015,-5.9,,MM,SE,0.8,N,
DATAFLOW,SPC:DF_CLIMATE_CHANGE(1.0),I,A,RAIN_ANOM,CK,2016,11.1,,MM,SE,0.7,N,
DATAFLOW,SPC:DF_CLIMATE_CHANGE(1.0),I,A,RAIN_ANOM,CK,2017,-0.6,,MM,SE,0.7,N,
DATAFLOW,SPC:DF_CLIMATE_CHANGE(1.0),I,A,RAIN_ANOM,CK,2018,1.1,,MM,SE,0.9,N,
DATAFLOW,SPC:DF_CLIMATE_CHANGE(1.0),I,A,RAIN_ANOM,CK,2019,21.2,,MM,SE,0.8,N,
DATAFLOW,SPC:DF_CLIMATE_CHANGE(1.0),I,A,RAIN_ANOM,CK,2020,-0.1,,MM,SE,0.7,N,
DATAFLOW,SPC:DF_CLIMATE_CHANGE(1.0),I,A,RAIN_ANOM,CK,2021,-13.8,,MM,SE,0.5,N,
DATAFLOW,SPC:DF_CLIMATE_CHANGE(1.0),I,A,RAIN_ANOM,CK,2022,-8.1,,MM,SE,0.9,N,
DATAFLOW,SPC:DF_CLIMATE_CHANGE(1.0),I,A,RAIN_ANOM,CK,2023,-5.2,,MM,SE,0.6,N,
DATAFLOW,SPC:DF_CLIMATE_CHANGE(1.0),I,A,RAIN_ANOM,CK,2024,3.7,,MM,SE,0.8,N,
DATAFLOW,SPC:DF_CLIMATE_CHANGE(1.0),I,A,RAIN_ANOM,CK,2025,-7.2,,MM,SE,0.6,N,
DATAFLOW,SPC:DF_CLIMATE_CHANGE(1.0),I,A,RAIN_ANOM,FJ,1979,4.7,,MM,SE,1.1,N,
DATAFLOW,SPC:DF_CLIMATE_CHANGE(1.0),I,A,RAIN_ANOM,FJ,1980,11.9,,MM,SE,1.2,N,
DATAFLOW,SPC:DF_CLIMATE_CHANGE(1.0),I,A,RAIN_ANOM,FJ,1981,4.7,,MM,SE,1.1,N,
DATAFLOW,SPC:DF_CLIMATE_CHANGE(1.0),I,A,RAIN_ANOM,FJ,1982,7.7,,MM,SE,1.3,N,
DATAFLOW,SPC:DF_CLIMATE_CHANGE(1.0),I,A,RAIN_ANOM,FJ,1983,-11.1,,MM,SE,0.9,N,
DATAFLOW,SPC:DF_CLIMATE_CHANGE(1.0),I,A,RAIN_ANOM,FJ,1984,3.6,,MM,SE,1,N,
DATAFLOW,SPC:DF_CLIMATE_CHANGE(1.0),I,A,RAIN_ANOM,FJ,1985,12.7,,MM,SE,1,N,
DATAFLOW,SPC:DF_CLIMATE_CHANGE(1.0),I,A,RAIN_ANOM,FJ,1986,8.6,,MM,SE,1.7,N,
DATAFLOW,SPC:DF_CLIMATE_CHANGE(1.0),I,A,RAIN_ANOM,FJ,1987,-21.8,,MM,SE,1,N,
DATAFLOW,SPC:DF_CLIMATE_CHANGE(1.0),I,A,RAIN_ANOM,FJ,1988,6.5,,MM,SE,1,N,
DATAFLOW,SPC:DF_CLIMATE_CHANGE(1.0),I,A,RAIN_ANOM,FJ,1989,6.2,,MM,SE,1.3,N,
DATAFLOW,SPC:DF_CLIMATE_CHANGE(1.0),I,A,RAIN_ANOM,FJ,1990,0.2,,MM,SE,0.8,N,
DATAFLOW,SPC:DF_CLIMATE_CHANGE(1.0),I,A,RAIN_ANOM,FJ,1991,-9.4,,MM,SE,0.8,N,
DATAFLOW,SPC:DF_CLIMATE_CHANGE(1.0),I,A,RAIN_ANOM,FJ,1992,-15.3,,MM,SE,0.6,N,
DATAFLOW,SPC:DF_CLIMATE_CHANGE(1.0),I,A,RAIN_ANOM,FJ,1993,-4.6,,MM,SE,1,N,
DATAFLOW,SPC:DF_CLIMATE_CHANGE(1.0),I,A,RAIN_ANOM,FJ,1994,-9.7,,MM,SE,1.1,N,
DATAFLOW,SPC:DF_CLIMATE_CHANGE(1.0),I,A,RAIN_ANOM,FJ,1995,-10.9,,MM,SE,1,N,
DATAFLOW,SPC:DF_CLIMATE_CHANGE(1.0),I,A,RAIN_ANOM,FJ,1996,10.3,,MM,SE,1,N,
DATAFLOW,SPC:DF_CLIMATE_CHANGE(1.0),I,A,RAIN_ANOM,FJ,1997,8.9,,MM,SE,1.5,N,
DATAFLOW,SPC:DF_CLIMATE_CHANGE(1.0),I,A,RAIN_ANOM,FJ,1998,-24.2,,MM,SE,0.8,N,
DATAFLOW,SPC:DF_CLIMATE_CHANGE(1.0),I,A,RAIN_ANOM,FJ,1999,19.6,,MM,SE,1.2,N,
DATAFLOW,SPC:DF_CLIMATE_CHANGE(1.0),I,A,RAIN_ANOM,FJ,2000,21.7,,MM,SE,1,N,
DATAFLOW,SPC:DF_CLIMATE_CHANGE(1.0),I,A,RAIN_ANOM,FJ,2001,-1.8,,MM,SE,0.8,N,
DATAFLOW,SPC:DF_CLIMATE_CHANGE(1.0),I,A,RAIN_ANOM,FJ,2002,-0.1,,MM,SE,0.9,N,
DATAFLOW,SPC:DF_CLIMATE_CHANGE(1.0),I,A,RAIN_ANOM,FJ,2003,-17.8,,MM,SE,0.7,N,
DATAFLOW,SPC:DF_CLIMATE_CHANGE(1.0),I,A,RAIN_ANOM,FJ,2004,-10,,MM,SE,0.9,N,
DATAFLOW,SPC:DF_CLIMATE_CHANGE(1.0),I,A,RAIN_ANOM,FJ,2005,-5.1,,MM,SE,0.7,N,
DATAFLOW,SPC:DF_CLIMATE_CHANGE(1.0),I,A,RAIN_ANOM,FJ,2006,-10.9,,MM,SE,0.6,N,
DATAFLOW,SPC:DF_CLIMATE_CHANGE(1.0),I,A,RAIN_ANOM,FJ,2007,10.9,,MM,SE,1.1,N,
DATAFLOW,SPC:DF_CLIMATE_CHANGE(1.0),I,A,RAIN_ANOM,FJ,2008,5.4,,MM,SE,1.2,N,
DATAFLOW,SPC:DF_CLIMATE_CHANGE(1.0),I,A,RAIN_ANOM,FJ,2009,14.4,,MM,SE,1.7,N,
DATAFLOW,SPC:DF_CLIMATE_CHANGE(1.0),I,A,RAIN_ANOM,FJ,2010,0.2,,MM,SE,1.1,N,
DATAFLOW,SPC:DF_CLIMATE_CHANGE(1.0),I,A,RAIN_ANOM,FJ,2011,10.5,,MM,SE,0.7,N,
DATAFLOW,SPC:DF_CLIMATE_CHANGE(1.0),I,A,RAIN_ANOM,FJ,2012,23.9,,MM,SE,1.2,N,
DATAFLOW,SPC:DF_CLIMATE_CHANGE(1.0),I,A,RAIN_ANOM,FJ,2013,8.1,,MM,SE,0.9,N,
DATAFLOW,SPC:DF_CLIMATE_CHANGE(1.0),I,A,RAIN_ANOM,FJ,2014,-14.4,,MM,SE,0.9,N,
DATAFLOW,SPC:DF_CLIMATE_CHANGE(1.0),I,A,RAIN_ANOM,FJ,2015,-21,,MM,SE,0.8,N,
DATAFLOW,SPC:DF_CLIMATE_CHANGE(1.0),I,A,RAIN_ANOM,FJ,2016,-0.7,,MM,SE,1.3,N,
DATAFLOW,SPC:DF_CLIMATE_CHANGE(1.0),I,A,RAIN_ANOM,FJ,2017,-2.1,,MM,SE,1.2,N,
DATAFLOW,SPC:DF_CLIMATE_CHANGE(1.0),I,A,RAIN_ANOM,FJ,2018,1.8,,MM,SE,1.1,N,
DATAFLOW,SPC:DF_CLIMATE_CHANGE(1.0),I,A,RAIN_ANOM,FJ,2019,19.9,,MM,SE,1,N,
DATAFLOW,SPC:DF_CLIMATE_CHANGE(1.0),I,A,RAIN_ANOM,FJ,2020,2.1,,MM,SE,1.2,N,
DATAFLOW,SPC:DF_CLIMATE_CHANGE(1.0),I,A,RAIN_ANOM,FJ,2021,8.1,,MM,SE,1.2,N,
DATAFLOW,SPC:DF_CLIMATE_CHANGE(1.0),I,A,RAIN_ANOM,FJ,2022,12.7,,MM,SE,1.4,N,
DATAFLOW,SPC:DF_CLIMATE_CHANGE(1.0),I,A,RAIN_ANOM,FJ,2023,-3.3,,MM,SE,0.9,N,
DATAFLOW,SPC:DF_CLIMATE_CHANGE(1.0),I,A,RAIN_ANOM,FJ,2024,16.6,,MM,SE,1.5,N,
DATAFLOW,SPC:DF_CLIMATE_CHANGE(1.0),I,A,RAIN_ANOM,FJ,2025,1.3,,MM,SE,1,N,
DATAFLOW,SPC:DF_CLIMATE_CHANGE(1.0),I,A,RAIN_ANOM,NR,1979,21.6,,MM,SE,0.9,N,
DATAFLOW,SPC:DF_CLIMATE_CHANGE(1.0),I,A,RAIN_ANOM,NR,1980,25.5,,MM,SE,0.7,N,
DATAFLOW,SPC:DF_CLIMATE_CHANGE(1.0),I,A,RAIN_ANOM,NR,1981,4.5,,MM,SE,1.1,N,
DATAFLOW,SPC:DF_CLIMATE_CHANGE(1.0),I,A,RAIN_ANOM,NR,1982,16.2,,MM,SE,0.6,N,
DATAFLOW,SPC:DF_CLIMATE_CHANGE(1.0),I,A,RAIN_ANOM,NR,1983,-13.5,,MM,SE,0.5,N,
DATAFLOW,SPC:DF_CLIMATE_CHANGE(1.0),I,A,RAIN_ANOM,NR,1984,-31.8,,MM,SE,0.8,N,
DATAFLOW,SPC:DF_CLIMATE_CHANGE(1.0),I,A,RAIN_ANOM,NR,1985,-11.1,,MM,SE,0.9,N,
DATAFLOW,SPC:DF_CLIMATE_CHANGE(1.0),I,A,RAIN_ANOM,NR,1986,18.2,,MM,SE,1.2,N,
DATAFLOW,SPC:DF_CLIMATE_CHANGE(1.0),I,A,RAIN_ANOM,NR,1987,37.9,,MM,SE,0.9,N,
DATAFLOW,SPC:DF_CLIMATE_CHANGE(1.0),I,A,RAIN_ANOM,NR,1988,-25.4,,MM,SE,1.3,N,
DATAFLOW,SPC:DF_CLIMATE_CHANGE(1.0),I,A,RAIN_ANOM,NR,1989,-34.2,,MM,SE,0.8,N,
DATAFLOW,SPC:DF_CLIMATE_CHANGE(1.0),I,A,RAIN_ANOM,NR,1990,27.4,,MM,SE,0.9,N,
DATAFLOW,SPC:DF_CLIMATE_CHANGE(1.0),I,A,RAIN_ANOM,NR,1991,26.5,,MM,SE,1,N,
DATAFLOW,SPC:DF_CLIMATE_CHANGE(1.0),I,A,RAIN_ANOM,NR,1992,40.5,,MM,SE,1,N,
DATAFLOW,SPC:DF_CLIMATE_CHANGE(1.0),I,A,RAIN_ANOM,NR,1993,53.6,,MM,SE,1,N,
DATAFLOW,SPC:DF_CLIMATE_CHANGE(1.0),I,A,RAIN_ANOM,NR,1994,7.8,,MM,SE,1,N,
DATAFLOW,SPC:DF_CLIMATE_CHANGE(1.0),I,A,RAIN_ANOM,NR,1995,-14.3,,MM,SE,1.1,N,
DATAFLOW,SPC:DF_CLIMATE_CHANGE(1.0),I,A,RAIN_ANOM,NR,1996,-43.3,,MM,SE,0.5,N,
DATAFLOW,SPC:DF_CLIMATE_CHANGE(1.0),I,A,RAIN_ANOM,NR,1997,28.9,,MM,SE,0.8,N,
DATAFLOW,SPC:DF_CLIMATE_CHANGE(1.0),I,A,RAIN_ANOM,NR,1998,-30.2,,MM,SE,0.5,N,
DATAFLOW,SPC:DF_CLIMATE_CHANGE(1.0),I,A,RAIN_ANOM,NR,1999,-54.4,,MM,SE,0.2,N,
DATAFLOW,SPC:DF_CLIMATE_CHANGE(1.0),I,A,RAIN_ANOM,NR,2000,-44.2,,MM,SE,0.3,N,
DATAFLOW,SPC:DF_CLIMATE_CHANGE(1.0),I,A,RAIN_ANOM,NR,2001,-1.4,,MM,SE,1.3,N,
DATAFLOW,SPC:DF_CLIMATE_CHANGE(1.0),I,A,RAIN_ANOM,NR,2002,46.1,,MM,SE,0.8,N,
DATAFLOW,SPC:DF_CLIMATE_CHANGE(1.0),I,A,RAIN_ANOM,NR,2003,9.4,,MM,SE,0.9,N,
DATAFLOW,SPC:DF_CLIMATE_CHANGE(1.0),I,A,RAIN_ANOM,NR,2004,26.4,,MM,SE,1,N,
DATAFLOW,SPC:DF_CLIMATE_CHANGE(1.0),I,A,RAIN_ANOM,NR,2005,10,,MM,SE,1,N,
DATAFLOW,SPC:DF_CLIMATE_CHANGE(1.0),I,A,RAIN_ANOM,NR,2006,-4.1,,MM,SE,1.1,N,
DATAFLOW,SPC:DF_CLIMATE_CHANGE(1.0),I,A,RAIN_ANOM,NR,2007,-11.8,,MM,SE,1.1,N,
DATAFLOW,SPC:DF_CLIMATE_CHANGE(1.0),I,A,RAIN_ANOM,NR,2008,-49.1,,MM,SE,0.3,N,
DATAFLOW,SPC:DF_CLIMATE_CHANGE(1.0),I,A,RAIN_ANOM,NR,2009,3.6,,MM,SE,1.3,N,
DATAFLOW,SPC:DF_CLIMATE_CHANGE(1.0),I,A,RAIN_ANOM,NR,2010,-6.8,,MM,SE,1.6,N,
DATAFLOW,SPC:DF_CLIMATE_CHANGE(1.0),I,A,RAIN_ANOM,NR,2011,-42.4,,MM,SE,0.4,N,
DATAFLOW,SPC:DF_CLIMATE_CHANGE(1.0),I,A,RAIN_ANOM,NR,2012,-9.6,,MM,SE,0.8,N,
DATAFLOW,SPC:DF_CLIMATE_CHANGE(1.0),I,A,RAIN_ANOM,NR,2013,-17.5,,MM,SE,1,N,
DATAFLOW,SPC:DF_CLIMATE_CHANGE(1.0),I,A,RAIN_ANOM,NR,2014,22.7,,MM,SE,1.1,N,
DATAFLOW,SPC:DF_CLIMATE_CHANGE(1.0),I,A,RAIN_ANOM,NR,2015,49.5,,MM,SE,0.6,N,
DATAFLOW,SPC:DF_CLIMATE_CHANGE(1.0),I,A,RAIN_ANOM,NR,2016,-5,,MM,SE,1.6,N,
DATAFLOW,SPC:DF_CLIMATE_CHANGE(1.0),I,A,RAIN_ANOM,NR,2017,-22.2,,MM,SE,0.8,N,
DATAFLOW,SPC:DF_CLIMATE_CHANGE(1.0),I,A,RAIN_ANOM,NR,2018,-9.7,,MM,SE,1,N,
DATAFLOW,SPC:DF_CLIMATE_CHANGE(1.0),I,A,RAIN_ANOM,NR,2019,66.6,,MM,SE,1.1,N,
DATAFLOW,SPC:DF_CLIMATE_CHANGE(1.0),I,A,RAIN_ANOM,NR,2020,-25.3,,MM,SE,1.2,N,
DATAFLOW,SPC:DF_CLIMATE_CHANGE(1.0),I,A,RAIN_ANOM,NR,2021,-41.1,,MM,SE,0.5,N,
DATAFLOW,SPC:DF_CLIMATE_CHANGE(1.0),I,A,RAIN_ANOM,NR,2022,-48,,MM,SE,0.4,N,
DATAFLOW,SPC:DF_CLIMATE_CHANGE(1.0),I,A,RAIN_ANOM,NR,2023,11.1,,MM,SE,1.1,N,
DATAFLOW,SPC:DF_CLIMATE_CHANGE(1.0),I,A,RAIN_ANOM,NR,2024,-13.5,,MM,SE,0.9,N,
DATAFLOW,SPC:DF_CLIMATE_CHANGE(1.0),I,A,RAIN_ANOM,NR,2025,-41.8,,MM,SE,0.4,N,
DATAFLOW,SPC:DF_CLIMATE_CHANGE(1.0),I,A,RAIN_ANOM,KI,1979,2.6,,MM,SE,0.5,N,
DATAFLOW,SPC:DF_CLIMATE_CHANGE(1.0),I,A,RAIN_ANOM,KI,1980,1.5,,MM,SE,0.4,N,
DATAFLOW,SPC:DF_CLIMATE_CHANGE(1.0),I,A,RAIN_ANOM,KI,1981,-2.8,,MM,SE,0.5,N,
DATAFLOW,SPC:DF_CLIMATE_CHANGE(1.0),I,A,RAIN_ANOM,KI,1982,19.2,,MM,SE,0.8,N,
DATAFLOW,SPC:DF_CLIMATE_CHANGE(1.0),I,A,RAIN_ANOM,KI,1983,11.1,,MM,SE,0.8,N,
DATAFLOW,SPC:DF_CLIMATE_CHANGE(1.0),I,A,RAIN_ANOM,KI,1984,-19.9,,MM,SE,0.2,N,
DATAFLOW,SPC:DF_CLIMATE_CHANGE(1.0),I,A,RAIN_ANOM,KI,1985,-12.6,,MM,SE,0.3,N,
DATAFLOW,SPC:DF_CLIMATE_CHANGE(1.0),I,A,RAIN_ANOM,KI,1986,-0.4,,MM,SE,0.5,N,
DATAFLOW,SPC:DF_CLIMATE_CHANGE(1.0),I,A,RAIN_ANOM,KI,1987,41.9,,MM,SE,0.6,N,
DATAFLOW,SPC:DF_CLIMATE_CHANGE(1.0),I,A,RAIN_ANOM,KI,1988,-14,,MM,SE,0.7,N,
DATAFLOW,SPC:DF_CLIMATE_CHANGE(1.0),I,A,RAIN_ANOM,KI,1989,-19.7,,MM,SE,0.3,N,
DATAFLOW,SPC:DF_CLIMATE_CHANGE(1.0),I,A,RAIN_ANOM,KI,1990,10.4,,MM,SE,0.5,N,
DATAFLOW,SPC:DF_CLIMATE_CHANGE(1.0),I,A,RAIN_ANOM,KI,1991,15.3,,MM,SE,0.4,N,
DATAFLOW,SPC:DF_CLIMATE_CHANGE(1.0),I,A,RAIN_ANOM,KI,1992,37.3,,MM,SE,1.3,N,
DATAFLOW,SPC:DF_CLIMATE_CHANGE(1.0),I,A,RAIN_ANOM,KI,1993,19.9,,MM,SE,0.7,N,
DATAFLOW,SPC:DF_CLIMATE_CHANGE(1.0),I,A,RAIN_ANOM,KI,1994,1.5,,MM,SE,0.6,N,
DATAFLOW,SPC:DF_CLIMATE_CHANGE(1.0),I,A,RAIN_ANOM,KI,1995,-18.4,,MM,SE,0.6,N,
DATAFLOW,SPC:DF_CLIMATE_CHANGE(1.0),I,A,RAIN_ANOM,KI,1996,-25.2,,MM,SE,0.3,N,
DATAFLOW,SPC:DF_CLIMATE_CHANGE(1.0),I,A,RAIN_ANOM,KI,1997,40.4,,MM,SE,1,N,
DATAFLOW,SPC:DF_CLIMATE_CHANGE(1.0),I,A,RAIN_ANOM,KI,1998,-16.9,,MM,SE,0.7,N,
DATAFLOW,SPC:DF_CLIMATE_CHANGE(1.0),I,A,RAIN_ANOM,KI,1999,-29.7,,MM,SE,0.2,N,
DATAFLOW,SPC:DF_CLIMATE_CHANGE(1.0),I,A,RAIN_ANOM,KI,2000,-26.1,,MM,SE,0.1,N,
DATAFLOW,SPC:DF_CLIMATE_CHANGE(1.0),I,A,RAIN_ANOM,KI,2001,-12.9,,MM,SE,0.3,N,
DATAFLOW,SPC:DF_CLIMATE_CHANGE(1.0),I,A,RAIN_ANOM,KI,2002,25.4,,MM,SE,0.7,N,
DATAFLOW,SPC:DF_CLIMATE_CHANGE(1.0),I,A,RAIN_ANOM,KI,2003,5,,MM,SE,0.9,N,
DATAFLOW,SPC:DF_CLIMATE_CHANGE(1.0),I,A,RAIN_ANOM,KI,2004,-1.5,,MM,SE,0.4,N,
DATAFLOW,SPC:DF_CLIMATE_CHANGE(1.0),I,A,RAIN_ANOM,KI,2005,-2.6,,MM,SE,0.5,N,
DATAFLOW,SPC:DF_CLIMATE_CHANGE(1.0),I,A,RAIN_ANOM,KI,2006,-0.3,,MM,SE,0.6,N,
DATAFLOW,SPC:DF_CLIMATE_CHANGE(1.0),I,A,RAIN_ANOM,KI,2007,-6.8,,MM,SE,0.7,N,
DATAFLOW,SPC:DF_CLIMATE_CHANGE(1.0),I,A,RAIN_ANOM,KI,2008,-22.2,,MM,SE,0.3,N,
DATAFLOW,SPC:DF_CLIMATE_CHANGE(1.0),I,A,RAIN_ANOM,KI,2009,2.9,,MM,SE,0.7,N,
DATAFLOW,SPC:DF_CLIMATE_CHANGE(1.0),I,A,RAIN_ANOM,KI,2010,18.5,,MM,SE,1.7,N,
DATAFLOW,SPC:DF_CLIMATE_CHANGE(1.0),I,A,RAIN_ANOM,KI,2011,-20.2,,MM,SE,0.4,N,
DATAFLOW,SPC:DF_CLIMATE_CHANGE(1.0),I,A,RAIN_ANOM,KI,2012,-8.7,,MM,SE,0.3,N,
DATAFLOW,SPC:DF_CLIMATE_CHANGE(1.0),I,A,RAIN_ANOM,KI,2013,-15,,MM,SE,0.4,N,
DATAFLOW,SPC:DF_CLIMATE_CHANGE(1.0),I,A,RAIN_ANOM,KI,2014,4.9,,MM,SE,0.7,N,
DATAFLOW,SPC:DF_CLIMATE_CHANGE(1.0),I,A,RAIN_ANOM,KI,2015,50.3,,MM,SE,1,N,
DATAFLOW,SPC:DF_CLIMATE_CHANGE(1.0),I,A,RAIN_ANOM,KI,2016,13,,MM,SE,1.6,N,
DATAFLOW,SPC:DF_CLIMATE_CHANGE(1.0),I,A,RAIN_ANOM,KI,2017,-24,,MM,SE,0.3,N,
DATAFLOW,SPC:DF_CLIMATE_CHANGE(1.0),I,A,RAIN_ANOM,KI,2018,-20.1,,MM,SE,0.4,N,
DATAFLOW,SPC:DF_CLIMATE_CHANGE(1.0),I,A,RAIN_ANOM,KI,2019,27.3,,MM,SE,0.8,N,
DATAFLOW,SPC:DF_CLIMATE_CHANGE(1.0),I,A,RAIN_ANOM,KI,2020,-10.9,,MM,SE,0.7,N,
DATAFLOW,SPC:DF_CLIMATE_CHANGE(1.0),I,A,RAIN_ANOM,KI,2021,-20.9,,MM,SE,0.4,N,
DATAFLOW,SPC:DF_CLIMATE_CHANGE(1.0),I,A,RAIN_ANOM,KI,2022,-28,,MM,SE,0.2,N,
DATAFLOW,SPC:DF_CLIMATE_CHANGE(1.0),I,A,RAIN_ANOM,KI,2023,16.7,,MM,SE,0.7,N,
DATAFLOW,SPC:DF_CLIMATE_CHANGE(1.0),I,A,RAIN_ANOM,KI,2024,-4.6,,MM,SE,0.8,N,
DATAFLOW,SPC:DF_CLIMATE_CHANGE(1.0),I,A,RAIN_ANOM,KI,2025,-22.3,,MM,SE,0.3,N,
